,Stock Code,change %,change YtM %,Total Trading,Start Trading,End Trading,Total Value,Total Volume,Total Frequency,Sektor ID,Year,Month
0,AALI,0.0,4.23,19,01 Dec 2020,30 Dec 2020,757315795000,63161800,51567,12--,2020,12
1,ABBA,15.49,-14.58,19,01 Dec 2020,30 Dec 2020,193259189900,2333006500,71304,95--,2020,12
2,ABDA,-6.69,-20.07,19,01 Dec 2020,30 Dec 2020,48355000,8500,31,84--,2020,12
3,ABMM,7.8,-66.52,19,01 Dec 2020,30 Dec 2020,10577053000,12132700,3034,98--,2020,12
4,ACES,8.2,15.1,19,01 Dec 2020,30 Dec 2020,669991022000,387753100,106877,93--,2020,12
5,ACST,70.54,-71.7,19,01 Dec 2020,30 Dec 2020,1372817811400,3744579900,179568,62--,2020,12
6,ADES,15.42,58.7,19,01 Dec 2020,30 Dec 2020,6976392500,4735800,3105,51--,2020,12
7,ADHI,40.83,-3.15,19,01 Dec 2020,30 Dec 2020,2078195632500,1464093700,196605,62--,2020,12
8,ADMF,3.16,-1.37,19,01 Dec 2020,30 Dec 2020,32733445000,3739300,6106,82--,2020,12
9,ADMG,58.11,-25.48,19,01 Dec 2020,30 Dec 2020,85173674000,362033200,22358,34--,2020,12
10,ADRO,2.88,17.7,19,01 Dec 2020,30 Dec 2020,5706495920000,3812829700,398747,21--,2020,12
11,AGAR,-11.56,261.82,19,01 Dec 2020,30 Dec 2020,58580000,142600,322,91--,2020,12
12,AGII,0.0,32.35,19,01 Dec 2020,30 Dec 2020,20871236000,23706200,8009,34--,2020,12
13,AGRO,91.67,233.87,19,01 Dec 2020,30 Dec 2020,3753853696000,4896606000,302347,81--,2020,12
14,AGRS,30.77,-14.29,19,01 Dec 2020,30 Dec 2020,837190800,4692300,1201,81--,2020,12
15,AHAP,20.69,-17.65,19,01 Dec 2020,30 Dec 2020,168541900,2784000,1038,84--,2020,12
16,AIMS,-3.9,-17.78,19,01 Dec 2020,30 Dec 2020,33951300,239000,212,91--,2020,12
17,AISA,37.32,132.14,19,01 Dec 2020,30 Dec 2020,888534952400,2226006100,132000,51--,2020,12
18,AKKU,0.0,0.0,19,01 Dec 2020,30 Dec 2020,62350000,1247000,174,94--,2020,12
19,AKPI,49.19,-26.0,19,01 Dec 2020,30 Dec 2020,179227300,415200,395,35--,2020,12
20,AKRA,9.28,-25.87,19,01 Dec 2020,30 Dec 2020,2400634297000,736462200,123994,91--,2020,12
21,AKSI,5.08,5.08,19,01 Dec 2020,30 Dec 2020,1713019200,4266200,798,74--,2020,12
22,ALDO,46.15,-14.93,19,01 Dec 2020,30 Dec 2020,971192100,2300600,385,38--,2020,12
23,ALKA,-9.03,-12.67,19,01 Dec 2020,30 Dec 2020,163440400,591500,384,33--,2020,12
24,ALMI,-0.8,-38.0,19,01 Dec 2020,30 Dec 2020,141084200,560300,267,33--,2020,12
25,ALTO,4.05,-23.0,19,01 Dec 2020,30 Dec 2020,83121600,275000,283,51--,2020,12
26,AMAG,7.62,-30.67,19,01 Dec 2020,30 Dec 2020,3584197000,15950800,1458,84--,2020,12
27,AMAN,1.96,183.64,19,01 Dec 2020,30 Dec 2020,1381471000,4517300,531,61--,2020,12
28,AMAR,-10.69,63.22,19,01 Dec 2020,30 Dec 2020,1397712400,4729400,1161,81--,2020,12
29,AMFG,0.0,-26.83,19,01 Dec 2020,30 Dec 2020,916660000,330400,251,32--,2020,12
30,AMIN,-8.57,-40.19,19,01 Dec 2020,30 Dec 2020,18536000,65400,113,41--,2020,12
31,AMOR,11.49,53.16,19,01 Dec 2020,30 Dec 2020,51716482000,17625800,5221,83--,2020,12
32,AMRT,12.68,-14.44,19,01 Dec 2020,30 Dec 2020,64156404500,82336900,16732,93--,2020,12
33,ANDI,6.0,-97.35,19,01 Dec 2020,30 Dec 2020,148112087900,2428959500,62908,12--,2020,12
34,ANJT,13.08,-36.09,19,01 Dec 2020,30 Dec 2020,763128500,1088900,980,12--,2020,12
35,ANTM,69.0,152.94,19,01 Dec 2020,30 Dec 2020,19616911019000,11747859800,1000235,23--,2020,12
36,APEX,148.48,-75.6,19,01 Dec 2020,30 Dec 2020,3272020400,7543500,3586,22--,2020,12
37,APIC,-5.42,45.37,19,01 Dec 2020,30 Dec 2020,177038710000,224568400,31905,89--,2020,12
38,APII,-3.14,-17.2,19,01 Dec 2020,30 Dec 2020,573646500,3685900,485,91--,2020,12
39,APLI,40.43,135.71,19,01 Dec 2020,30 Dec 2020,960837500,5597500,569,35--,2020,12
40,APLN,11.24,23.68,19,01 Dec 2020,30 Dec 2020,905000272500,4597631600,142504,61--,2020,12
41,ARGO,-1.76,136.97,19,01 Dec 2020,30 Dec 2020,650874500,344800,439,43--,2020,12
42,ARII,-14.29,-56.0,19,01 Dec 2020,30 Dec 2020,1678305200,4060500,693,21--,2020,12
43,ARKA,-23.61,-76.69,19,01 Dec 2020,30 Dec 2020,26790211900,387002700,19636,41--,2020,12
44,ARMY,0.0,-84.28,19,01 Dec 2020,30 Dec 2020,0,0,0,61--,2020,12
45,ARNA,27.1,61.9,19,01 Dec 2020,30 Dec 2020,47049912000,80670600,6014,32--,2020,12
46,ARTA,-10.49,-80.46,19,01 Dec 2020,30 Dec 2020,19909800,68300,74,94--,2020,12
47,ARTI,0.0,0.0,19,01 Dec 2020,30 Dec 2020,12830000,256600,117,22--,2020,12
48,ARTO,48.79,2236.96,19,01 Dec 2020,30 Dec 2020,270151754000,66389400,28798,81--,2020,12
49,ASBI,-0.64,24.0,19,01 Dec 2020,30 Dec 2020,187243400,618700,57,84--,2020,12
50,ASDM,-1.11,-23.61,19,01 Dec 2020,30 Dec 2020,103447500,115900,149,84--,2020,12
51,ASGR,2.56,-39.85,19,01 Dec 2020,30 Dec 2020,24383944500,29668500,5671,97--,2020,12
52,ASII,13.68,-26.75,19,01 Dec 2020,30 Dec 2020,8248311330000,1402216900,296767,42--,2020,12
53,ASJT,65.29,-44.44,19,01 Dec 2020,30 Dec 2020,4986851100,25039400,3436,84--,2020,12
54,ASMI,-7.48,41.43,19,01 Dec 2020,30 Dec 2020,373865000,369900,434,84--,2020,12
55,ASPI,7.53,-4.76,19,01 Dec 2020,30 Dec 2020,40049323500,354047200,24959,61--,2020,12
56,ASRI,2.54,-22.44,19,01 Dec 2020,30 Dec 2020,1405397346600,5387381300,212524,61--,2020,12
57,ASRM,-0.59,-28.51,19,01 Dec 2020,30 Dec 2020,92969000,55400,91,84--,2020,12
58,ASSA,23.3,74.45,19,01 Dec 2020,30 Dec 2020,270450298500,439344400,38857,74--,2020,12
59,ATIC,-10.85,-36.11,19,01 Dec 2020,30 Dec 2020,43479500,69900,133,97--,2020,12
60,AUTO,-5.51,-24.15,19,01 Dec 2020,30 Dec 2020,60648607500,52004400,16627,42--,2020,12
61,AYLS,0.0,-50.0,19,01 Dec 2020,30 Dec 2020,2373675700,46911100,3104,91--,2020,12
62,BABP,0.0,0.0,19,01 Dec 2020,30 Dec 2020,11427868800,225887000,9055,81--,2020,12
63,BACA,-5.05,25.33,19,01 Dec 2020,30 Dec 2020,671805800,1662800,453,81--,2020,12
64,BAJA,-4.92,2.65,19,01 Dec 2020,30 Dec 2020,18632055800,140515500,12542,33--,2020,12
65,BALI,-11.11,-48.72,19,01 Dec 2020,30 Dec 2020,2326086500,2874500,1251,75--,2020,12
66,BAPA,0.0,-54.13,19,01 Dec 2020,30 Dec 2020,32130000,642600,82,61--,2020,12
67,BAPI,0.0,-66.67,19,01 Dec 2020,30 Dec 2020,51130000,1022600,194,61--,2020,12
68,BATA,0.79,5.83,19,01 Dec 2020,30 Dec 2020,224512500,354600,205,44--,2020,12
69,BAYU,6.19,-42.38,19,01 Dec 2020,30 Dec 2020,48355000,42500,47,94--,2020,12
70,BBCA,9.11,30.19,19,01 Dec 2020,30 Dec 2020,13416159087500,401128000,266271,81--,2020,12
71,BBHI,75.21,147.95,19,01 Dec 2020,30 Dec 2020,56463451600,137523100,19114,81--,2020,12
72,BBKP,111.4,111.4,19,01 Dec 2020,30 Dec 2020,6470971843700,14045517700,533861,81--,2020,12
73,BBLD,3.37,-22.03,19,01 Dec 2020,30 Dec 2020,336452200,917300,135,82--,2020,12
74,BBMD,-3.85,8.7,19,01 Dec 2020,30 Dec 2020,234728500,160600,142,81--,2020,12
75,BBNI,2.92,-29.83,19,01 Dec 2020,30 Dec 2020,5813081800000,903454500,283665,81--,2020,12
76,BBRI,1.96,13.93,19,01 Dec 2020,30 Dec 2020,12215001451000,2856556400,490012,81--,2020,12
77,BBRM,0.0,0.0,19,01 Dec 2020,30 Dec 2020,0,0,0,74--,2020,12
78,BBSI,7.1,72.92,19,01 Dec 2020,30 Dec 2020,2494077500,3145400,1034,81--,2020,12
79,BBSS,-4.67,-15.0,19,01 Dec 2020,30 Dec 2020,15676469600,149738200,13459,61--,2020,12
80,BBTN,4.86,-32.09,19,01 Dec 2020,30 Dec 2020,2613980229500,1443980500,162889,81--,2020,12
81,BBYB,-2.61,4.93,19,01 Dec 2020,30 Dec 2020,3089601800,9343300,2312,81--,2020,12
82,BCAP,6.3,-10.6,19,01 Dec 2020,30 Dec 2020,4777912000,34326800,19360,89--,2020,12
83,BCIC,0.0,55.56,19,01 Dec 2020,30 Dec 2020,0,0,0,81--,2020,12
84,BCIP,19.05,-15.73,19,01 Dec 2020,30 Dec 2020,35034388600,452438300,17594,61--,2020,12
85,BDMN,-0.95,-58.68,19,01 Dec 2020,30 Dec 2020,332534611000,99377700,35497,81--,2020,12
86,BEEF,3.23,-52.94,19,01 Dec 2020,30 Dec 2020,85089149200,488382800,35714,13--,2020,12
87,BEKS,96.0,96.0,19,01 Dec 2020,30 Dec 2020,258035692600,1939273400,55012,81--,2020,12
88,BELL,-1.24,-33.75,19,01 Dec 2020,30 Dec 2020,15969897400,98435000,6229,43--,2020,12
89,BESS,-1.64,128.57,19,01 Dec 2020,30 Dec 2020,607580800,2553200,734,74--,2020,12
90,BEST,-1.1,-13.46,19,01 Dec 2020,30 Dec 2020,909251282300,4577306300,126597,61--,2020,12
91,BFIN,46.6,-15.79,19,01 Dec 2020,30 Dec 2020,1334759903800,2841498100,92301,82--,2020,12
92,BGTG,13.85,-9.76,19,01 Dec 2020,30 Dec 2020,68263719700,893781100,25884,81--,2020,12
93,BHAT,-7.46,501.94,19,01 Dec 2020,30 Dec 2020,1906277552000,2935268300,57625,84--,2020,12
94,BHIT,-4.35,13.79,19,01 Dec 2020,30 Dec 2020,116553509200,1582921200,55796,98--,2020,12
95,BIKA,14.81,-28.46,19,01 Dec 2020,30 Dec 2020,227410200,1153500,620,61--,2020,12
96,BIMA,0.0,-10.71,19,01 Dec 2020,30 Dec 2020,6040000,120800,109,44--,2020,12
97,BINA,-3.5,2.99,19,01 Dec 2020,30 Dec 2020,43392545500,62439300,1959,81--,2020,12
98,BIPI,0.0,0.0,19,01 Dec 2020,30 Dec 2020,38903269900,766476000,11445,22--,2020,12
99,BIPP,-1.96,-43.18,19,01 Dec 2020,30 Dec 2020,1854656200,36673000,1545,61--,2020,12
100,BIRD,13.04,-54.7,19,01 Dec 2020,30 Dec 2020,426901370500,290294600,62109,74--,2020,12
101,BISI,0.98,-38.51,19,01 Dec 2020,30 Dec 2020,11054657000,10571900,3643,11--,2020,12
102,BJBR,16.98,-24.39,19,01 Dec 2020,30 Dec 2020,1118349501500,700137000,101587,81--,2020,12
103,BJTM,7.09,-1.45,19,01 Dec 2020,30 Dec 2020,588141361500,832048200,118574,81--,2020,12
104,BKDP,-3.77,-16.39,19,01 Dec 2020,30 Dec 2020,85736200,1656100,339,61--,2020,12
105,BKSL,0.0,-54.13,19,01 Dec 2020,30 Dec 2020,226843894600,4348127000,44392,61--,2020,12
106,BKSW,-7.02,-41.76,19,01 Dec 2020,30 Dec 2020,252035700,2366900,589,81--,2020,12
107,BLTA,0.0,-74.49,19,01 Dec 2020,30 Dec 2020,16675000,333500,71,74--,2020,12
108,BLTZ,-4.17,-36.38,19,01 Dec 2020,30 Dec 2020,13896000,4500,9,95--,2020,12
109,BLUE,0.0,438.46,19,01 Dec 2020,30 Dec 2020,2234101500,3146600,1956,91--,2020,12
110,BMAS,47.26,16.85,19,01 Dec 2020,30 Dec 2020,557904200,1559500,479,81--,2020,12
111,BMRI,0.0,-14.24,19,01 Dec 2020,30 Dec 2020,7186792017500,1084697700,235729,81--,2020,12
112,BMSR,15.94,-52.94,19,01 Dec 2020,30 Dec 2020,2553357200,31241600,2486,91--,2020,12
113,BMTR,8.21,19.83,19,01 Dec 2020,30 Dec 2020,1104114757800,3710379400,138861,98--,2020,12
114,BNBA,-1.05,35.97,19,01 Dec 2020,30 Dec 2020,2619193600,6720700,1456,81--,2020,12
115,BNBR,0.0,0.0,19,01 Dec 2020,30 Dec 2020,1873780000,37475600,1553,98--,2020,12
116,BNGA,19.88,8.74,19,01 Dec 2020,30 Dec 2020,525767910500,502586500,56461,81--,2020,12
117,BNII,50.43,67.96,19,01 Dec 2020,30 Dec 2020,420374899400,1262864000,81525,81--,2020,12
118,BNLI,26.36,383.2,19,01 Dec 2020,30 Dec 2020,203694346000,68267500,31174,81--,2020,12
119,BOGA,2.22,98.56,19,01 Dec 2020,30 Dec 2020,1177903624000,877507600,40121,91--,2020,12
120,BOLA,8.61,-6.29,19,01 Dec 2020,30 Dec 2020,5243443500,31399400,1732,99--,2020,12
121,BOLT,15.33,-18.56,19,01 Dec 2020,30 Dec 2020,148999000,190100,234,42--,2020,12
122,BOSS,-7.98,-93.75,19,01 Dec 2020,30 Dec 2020,117704305000,596757600,47882,21--,2020,12
123,BPFI,0.0,76.92,19,01 Dec 2020,30 Dec 2020,2875000,2500,2,82--,2020,12
124,BPII,0.0,53.85,19,01 Dec 2020,30 Dec 2020,0,0,0,89--,2020,12
125,BPTR,6.58,-5.81,19,01 Dec 2020,30 Dec 2020,143647400,1831200,715,74--,2020,12
126,BRAM,16.85,-14.75,19,01 Dec 2020,30 Dec 2020,462059000,97800,280,42--,2020,12
127,BRIS,57.34,328.57,19,01 Dec 2020,30 Dec 2020,9068586933000,4670326200,712698,81--,2020,12
128,BRMS,38.33,66.0,19,01 Dec 2020,30 Dec 2020,723539559400,8964906400,80145,23--,2020,12
129,BRNA,6.67,0.0,19,01 Dec 2020,30 Dec 2020,94938000,81500,83,35--,2020,12
130,BRPT,4.76,-53.97,19,01 Dec 2020,30 Dec 2020,1772314771000,1490743500,120353,34--,2020,12
131,BSDE,16.67,-2.39,19,01 Dec 2020,30 Dec 2020,1309889381000,1114815500,121528,61--,2020,12
132,BSIM,4.34,-8.18,19,01 Dec 2020,30 Dec 2020,4787513000,10374600,1851,81--,2020,12
133,BSSR,1.5,-27.56,19,01 Dec 2020,30 Dec 2020,1094069000,634300,666,21--,2020,12
134,BSWD,0.0,0.0,19,01 Dec 2020,30 Dec 2020,0,0,0,81--,2020,12
135,BTEK,0.0,-66.67,19,01 Dec 2020,30 Dec 2020,440770000,8815400,654,51--,2020,12
136,BTEL,0.0,0.0,19,01 Dec 2020,30 Dec 2020,0,0,0,73--,2020,12
137,BTON,32.74,30.43,19,01 Dec 2020,30 Dec 2020,2848894800,10274100,1557,33--,2020,12
138,BTPN,19.62,-9.59,19,01 Dec 2020,30 Dec 2020,10475014000,3448200,3335,81--,2020,12
139,BTPS,-9.2,108.91,19,01 Dec 2020,30 Dec 2020,1119466448000,283787300,118248,81--,2020,12
140,BUDI,-1.0,3.12,19,01 Dec 2020,30 Dec 2020,7876091000,79277200,3052,51--,2020,12
141,BUKK,24.16,-41.84,19,01 Dec 2020,30 Dec 2020,1338608500,1374400,1166,75--,2020,12
142,BULL,12.18,199.15,19,01 Dec 2020,30 Dec 2020,1504336300600,4664530200,86672,74--,2020,12
143,BUMI,7.46,-30.1,19,01 Dec 2020,30 Dec 2020,1562913547000,21441913900,187125,21--,2020,12
144,BUVA,-8.33,-73.3,19,01 Dec 2020,30 Dec 2020,551213300,9387300,861,94--,2020,12
145,BVIC,8.57,-40.0,19,01 Dec 2020,30 Dec 2020,10956828400,90965700,7532,81--,2020,12
146,BWPT,15.2,-12.2,19,01 Dec 2020,30 Dec 2020,641519467200,4472824700,112680,12--,2020,12
147,BYAN,-0.16,-22.14,19,01 Dec 2020,30 Dec 2020,2908980000,195400,273,21--,2020,12
148,CAKK,-1.89,-44.68,19,01 Dec 2020,30 Dec 2020,2711965000,49040300,2958,32--,2020,12
149,CAMP,17.05,-12.72,19,01 Dec 2020,30 Dec 2020,35724828000,112838800,14994,51--,2020,12
150,CANI,5.66,-57.58,19,01 Dec 2020,30 Dec 2020,17324300,154200,191,74--,2020,12
151,CARE,-15.26,212.62,19,01 Dec 2020,30 Dec 2020,2292669483800,6815759700,79145,96--,2020,12
152,CARS,0.0,-98.21,19,01 Dec 2020,30 Dec 2020,2098965000,41979300,734,91--,2020,12
153,CASA,-3.09,21.29,19,01 Dec 2020,30 Dec 2020,28823868200,74347100,173,89--,2020,12
154,CASH,-4.88,33.71,19,01 Dec 2020,30 Dec 2020,17672530100,36903200,2589,97--,2020,12
155,CASS,28.57,-61.97,19,01 Dec 2020,30 Dec 2020,29925314800,110384200,10754,72--,2020,12
156,CBMF,-1.72,256.25,19,01 Dec 2020,30 Dec 2020,20163520800,36860400,3894,55--,2020,12
157,CCSI,0.0,-3.2,19,01 Dec 2020,30 Dec 2020,3253933800,13154100,1829,45--,2020,12
158,CEKA,0.28,29.82,19,01 Dec 2020,30 Dec 2020,4790957000,2659000,1862,51--,2020,12
159,CENT,7.58,65.12,19,01 Dec 2020,30 Dec 2020,45303982500,304531800,10707,75--,2020,12
160,CFIN,14.71,-25.48,19,01 Dec 2020,30 Dec 2020,12751845600,55308300,5499,82--,2020,12
161,CINT,2.56,-15.49,19,01 Dec 2020,30 Dec 2020,102632400,421500,187,55--,2020,12
162,CITA,31.28,61.96,19,01 Dec 2020,30 Dec 2020,828285000,310800,369,23--,2020,12
163,CITY,-7.45,-78.14,19,01 Dec 2020,30 Dec 2020,44550300,486800,399,61--,2020,12
164,CLAY,-21.01,641.67,19,01 Dec 2020,30 Dec 2020,286789500,195900,243,94--,2020,12
165,CLEO,3.31,76.06,19,01 Dec 2020,30 Dec 2020,213392172700,390421200,49962,51--,2020,12
166,CLPI,4.86,17.97,19,01 Dec 2020,30 Dec 2020,2558117000,3426400,1242,91--,2020,12
167,CMNP,22.22,20.31,19,01 Dec 2020,30 Dec 2020,37853848000,29347600,6337,72--,2020,12
168,CMPP,0.0,-11.54,19,01 Dec 2020,30 Dec 2020,0,0,0,74--,2020,12
169,CNKO,0.0,0.0,19,01 Dec 2020,30 Dec 2020,0,0,0,91--,2020,12
170,CNTB,0.0,0.0,19,01 Dec 2020,30 Dec 2020,0,0,0,43--,2020,12
171,CNTX,-3.54,-53.81,19,01 Dec 2020,30 Dec 2020,186834400,852900,229,43--,2020,12
172,COCO,-24.32,253.54,19,01 Dec 2020,30 Dec 2020,1643597500,2057600,1085,51--,2020,12
173,COWL,0.0,-88.04,19,01 Dec 2020,30 Dec 2020,0,0,0,61--,2020,12
174,CPIN,7.41,-9.69,19,01 Dec 2020,30 Dec 2020,1358712880000,206477600,93375,36--,2020,12
175,CPRI,0.0,-60.0,19,01 Dec 2020,30 Dec 2020,64575000,1291500,196,61--,2020,12
176,CPRO,0.0,0.0,19,01 Dec 2020,30 Dec 2020,263795000,5275900,9631,36--,2020,12
177,CSAP,11.56,-29.17,19,01 Dec 2020,30 Dec 2020,624833800,1650600,237,93--,2020,12
178,CSIS,22.64,-79.43,19,01 Dec 2020,30 Dec 2020,12190463800,171283500,10051,62--,2020,12
179,CSMI,5.88,175.51,19,01 Dec 2020,30 Dec 2020,133975100,252300,193,94--,2020,12
180,CSRA,2.73,200.8,19,01 Dec 2020,30 Dec 2020,33456021800,86198500,12849,12--,2020,12
181,CTBN,-6.4,-25.12,19,01 Dec 2020,30 Dec 2020,36435000,11500,44,33--,2020,12
182,CTRA,6.49,-2.48,19,01 Dec 2020,30 Dec 2020,1303183889000,1355846900,127747,61--,2020,12
183,CTTH,5.77,-53.78,19,01 Dec 2020,30 Dec 2020,282928900,5066900,734,24--,2020,12
184,DADA,-11.86,-49.02,19,01 Dec 2020,30 Dec 2020,32965239600,622321000,25255,61--,2020,12
185,DART,-6.67,-7.44,19,01 Dec 2020,30 Dec 2020,250018200,1124000,469,61--,2020,12
186,DAYA,-13.72,85.71,19,01 Dec 2020,30 Dec 2020,46031200,119600,155,93--,2020,12
187,DEAL,-4.05,-73.21,19,01 Dec 2020,30 Dec 2020,61273696000,397043400,31788,74--,2020,12
188,DEFI,1.51,-7.42,19,01 Dec 2020,30 Dec 2020,509222500,303000,322,82--,2020,12
189,DEWA,0.0,0.0,19,01 Dec 2020,30 Dec 2020,1417960000,28359200,855,21--,2020,12
190,DFAM,-12.71,-76.59,19,01 Dec 2020,30 Dec 2020,305649200,1421500,917,94--,2020,12
191,DGIK,0.0,0.0,19,01 Dec 2020,30 Dec 2020,41845000,836900,127,62--,2020,12
192,DIGI,11.11,-77.78,19,01 Dec 2020,30 Dec 2020,109923600,298300,171,97--,2020,12
193,DILD,3.77,-28.57,19,01 Dec 2020,30 Dec 2020,383021337800,1617176800,59543,61--,2020,12
194,DIVA,14.76,-25.16,19,01 Dec 2020,30 Dec 2020,5356473000,2536200,520,93--,2020,12
195,DKFT,-6.32,-41.83,19,01 Dec 2020,30 Dec 2020,543773578000,2485037100,121651,23--,2020,12
196,DLTA,2.8,-20.0,19,01 Dec 2020,30 Dec 2020,5092993000,1184700,1280,51--,2020,12
197,DMAS,-5.38,54.72,19,01 Dec 2020,30 Dec 2020,784491579600,3111666100,123387,61--,2020,12
198,DMMX,19.8,2.61,19,01 Dec 2020,30 Dec 2020,31963579800,147170400,11834,95--,2020,12
199,DMND,3.95,0.55,19,01 Dec 2020,30 Dec 2020,574868000,629000,624,51--,2020,12
200,DNAR,-6.99,-37.32,19,01 Dec 2020,30 Dec 2020,284404800,1557700,402,81--,2020,12
201,DNET,1.74,6.38,19,01 Dec 2020,30 Dec 2020,3468149000,1013500,462,97--,2020,12
202,DOID,-14.15,-32.95,19,01 Dec 2020,30 Dec 2020,2119791492000,5073389500,252921,21--,2020,12
203,DPNS,7.03,-13.29,19,01 Dec 2020,30 Dec 2020,71760800,280100,149,34--,2020,12
204,DPUM,-1.89,-59.38,19,01 Dec 2020,30 Dec 2020,1345924400,24219700,1993,91--,2020,12
205,DSFI,28.12,-18.81,19,01 Dec 2020,30 Dec 2020,10950513300,147529200,9233,14--,2020,12
206,DSNG,-3.17,48.78,19,01 Dec 2020,30 Dec 2020,177770960500,283055200,22661,12--,2020,12
207,DSSA,-7.38,18.52,19,01 Dec 2020,30 Dec 2020,802605000,52300,176,21--,2020,12
208,DUCK,8.47,-75.38,19,01 Dec 2020,30 Dec 2020,413308988500,941489100,80611,94--,2020,12
209,DUTI,0.0,-13.44,19,01 Dec 2020,30 Dec 2020,653429000,165100,222,61--,2020,12
210,DVLA,-3.97,24.74,19,01 Dec 2020,30 Dec 2020,1609762000,643300,1097,53--,2020,12
211,DWGL,-18.81,127.78,19,01 Dec 2020,30 Dec 2020,1129737100,6145100,1538,91--,2020,12
212,DYAN,5.77,-28.57,19,01 Dec 2020,30 Dec 2020,12765111900,225293200,9987,99--,2020,12
213,EAST,-4.76,-54.89,19,01 Dec 2020,30 Dec 2020,2690152300,42865600,3189,94--,2020,12
214,ECII,-9.03,-42.04,19,01 Dec 2020,30 Dec 2020,232251500,332000,70,93--,2020,12
215,EKAD,-1.18,47.37,19,01 Dec 2020,30 Dec 2020,8757415000,6860000,5306,34--,2020,12
216,ELSA,19.73,2.33,19,01 Dec 2020,30 Dec 2020,1700708794600,4751759100,214134,22--,2020,12
217,ELTY,0.0,0.0,19,01 Dec 2020,30 Dec 2020,0,0,0,61--,2020,12
218,EMDE,-2.04,-24.41,19,01 Dec 2020,30 Dec 2020,77531800,409500,125,61--,2020,12
219,EMTK,68.17,66.67,19,01 Dec 2020,30 Dec 2020,62973552500,5383300,3214,95--,2020,12
220,ENRG,48.28,158.0,19,01 Dec 2020,30 Dec 2020,779794364700,7129146800,145146,22--,2020,12
221,ENVY,0.0,-86.49,19,01 Dec 2020,30 Dec 2020,139517500,2790200,184,97--,2020,12
222,ENZO,0.0,-52.38,19,01 Dec 2020,30 Dec 2020,2479804800,49554600,2931,51--,2020,12
223,EPAC,0.71,28.18,19,01 Dec 2020,30 Dec 2020,40408055800,259462900,29431,35--,2020,12
224,EPMT,11.05,0.48,19,01 Dec 2020,30 Dec 2020,6306829000,3052700,1082,91--,2020,12
225,ERAA,27.91,0.0,19,01 Dec 2020,30 Dec 2020,1790031921500,889109300,149216,93--,2020,12
226,ERTX,-9.09,-3.23,19,01 Dec 2020,30 Dec 2020,15795700,126700,146,43--,2020,12
227,ESIP,21.18,-36.81,19,01 Dec 2020,30 Dec 2020,45686177800,432117500,25750,35--,2020,12
228,ESSA,26.51,-34.78,19,01 Dec 2020,30 Dec 2020,286198045800,1288500900,56625,34--,2020,12
229,ESTA,25.0,8.33,19,01 Dec 2020,30 Dec 2020,775247000,6912800,1297,94--,2020,12
230,ESTI,0.0,-35.8,19,01 Dec 2020,30 Dec 2020,228696000,4043300,827,43--,2020,12
231,ETWA,0.0,-23.46,19,01 Dec 2020,30 Dec 2020,0,0,0,34--,2020,12
232,EXCL,13.28,37.88,19,01 Dec 2020,30 Dec 2020,5028452945000,1877033500,277478,73--,2020,12
233,FAST,11.79,-34.73,19,01 Dec 2020,30 Dec 2020,3457928000,3129500,2012,94--,2020,12
234,FASW,6.79,-3.86,19,01 Dec 2020,30 Dec 2020,327900000,44400,36,38--,2020,12
235,FILM,-8.65,-72.06,19,01 Dec 2020,30 Dec 2020,34670445400,156136900,16252,95--,2020,12
236,FINN,0.0,0.0,19,01 Dec 2020,30 Dec 2020,0,0,0,82--,2020,12
237,FIRE,194.64,-82.97,19,01 Dec 2020,30 Dec 2020,463435006000,486299600,88630,21--,2020,12
238,FISH,-12.67,-35.47,19,01 Dec 2020,30 Dec 2020,46348000,16400,21,91--,2020,12
239,FITT,41.67,-16.67,19,01 Dec 2020,30 Dec 2020,371140700,4665700,1202,94--,2020,12
240,FMII,37.86,-4.29,19,01 Dec 2020,30 Dec 2020,9062000,13800,43,61--,2020,12
241,FOOD,-0.96,-23.7,19,01 Dec 2020,30 Dec 2020,1109176800,10505700,2029,51--,2020,12
242,FORU,28.04,24.55,19,01 Dec 2020,30 Dec 2020,228933700,1483600,832,95--,2020,12
243,FORZ,0.0,-94.57,19,01 Dec 2020,30 Dec 2020,84635000,1692700,84,61--,2020,12
244,FPNI,194.31,126.25,19,01 Dec 2020,30 Dec 2020,259631565800,866373900,60631,35--,2020,12
245,FREN,0.0,-14.1,19,01 Dec 2020,30 Dec 2020,3191138025000,43226978700,454803,73--,2020,12
246,FUJI,-3.36,4.55,19,01 Dec 2020,30 Dec 2020,916380300,7956800,235,82--,2020,12
247,GAMA,0.0,-13.79,19,01 Dec 2020,30 Dec 2020,11960000,239200,101,61--,2020,12
248,GDST,19.57,17.02,19,01 Dec 2020,30 Dec 2020,156135093900,1247845500,57206,33--,2020,12
249,GDYR,1.07,-26.8,19,01 Dec 2020,30 Dec 2020,679121500,477700,122,42--,2020,12
250,GEMA,12.34,9.49,19,01 Dec 2020,30 Dec 2020,165054400,487900,58,99--,2020,12
251,GEMS,0.0,0.0,19,01 Dec 2020,30 Dec 2020,0,0,0,21--,2020,12
252,GGRM,-2.96,-50.97,19,01 Dec 2020,30 Dec 2020,3523671615000,81165900,136334,52--,2020,12
253,GGRP,-8.75,-47.86,19,01 Dec 2020,30 Dec 2020,562610200,1169600,791,33--,2020,12
254,GHON,8.28,33.71,19,01 Dec 2020,30 Dec 2020,174534000,100700,141,75--,2020,12
255,GIAA,6.35,34.9,19,01 Dec 2020,30 Dec 2020,2198712369400,5022424100,309457,74--,2020,12
256,GJTL,27.18,0.77,19,01 Dec 2020,30 Dec 2020,204451635000,328354600,33756,42--,2020,12
257,GLOB,-2.68,-66.36,19,01 Dec 2020,30 Dec 2020,205840700,1653700,713,93--,2020,12
258,GLVA,-4.64,63.72,19,01 Dec 2020,30 Dec 2020,8239371000,23633000,492,97--,2020,12
259,GMFI,56.12,-29.17,19,01 Dec 2020,30 Dec 2020,683175323700,4417097000,151484,41--,2020,12
260,GMTD,-0.14,19.67,19,01 Dec 2020,30 Dec 2020,1795000,100,1,61--,2020,12
261,GOLD,15.0,-57.41,19,01 Dec 2020,30 Dec 2020,531411000,2380800,706,75--,2020,12
262,GOLL,0.0,0.0,19,01 Dec 2020,30 Dec 2020,0,0,0,12--,2020,12
263,GOOD,2.42,-32.27,19,01 Dec 2020,30 Dec 2020,9545090500,7619400,3844,51--,2020,12
264,GPRA,41.51,-31.82,19,01 Dec 2020,30 Dec 2020,15591723200,195788100,10101,61--,2020,12
265,GSMF,7.95,1.06,19,01 Dec 2020,30 Dec 2020,10420500,108700,80,89--,2020,12
266,GTBO,0.0,-68.49,19,01 Dec 2020,30 Dec 2020,0,0,0,21--,2020,12
267,GWSA,20.54,-4.93,19,01 Dec 2020,30 Dec 2020,2622186500,21581200,1952,61--,2020,12
268,GZCO,0.0,0.0,19,01 Dec 2020,30 Dec 2020,2531270400,50385000,1831,12--,2020,12
269,HADE,0.0,0.0,19,01 Dec 2020,30 Dec 2020,13925000,278500,23,91--,2020,12
270,HDFA,-12.5,-55.63,19,01 Dec 2020,30 Dec 2020,24015500,184800,90,82--,2020,12
271,HDIT,-3.23,-42.86,19,01 Dec 2020,30 Dec 2020,9889162600,36265600,651,91--,2020,12
272,HDTX,0.0,-4.76,19,01 Dec 2020,30 Dec 2020,0,0,0,43--,2020,12
273,HEAL,-9.49,37.89,19,01 Dec 2020,30 Dec 2020,48610325000,12877300,6702,96--,2020,12
274,HELI,4.85,78.51,19,01 Dec 2020,30 Dec 2020,3777362800,18059200,240,74--,2020,12
275,HERO,-0.6,5.06,19,01 Dec 2020,30 Dec 2020,1231704000,1431700,591,93--,2020,12
276,HEXA,-1.2,15.44,19,01 Dec 2020,30 Dec 2020,23852371000,6957500,5243,91--,2020,12
277,HITS,-4.71,-30.57,19,01 Dec 2020,30 Dec 2020,85834200,180100,122,74--,2020,12
278,HKMU,34.15,-70.43,19,01 Dec 2020,30 Dec 2020,407766009900,3588043600,112559,91--,2020,12
279,HMSP,-1.31,-59.43,19,01 Dec 2020,30 Dec 2020,7414202516000,4561007600,426776,52--,2020,12
280,HOKI,5.79,37.67,19,01 Dec 2020,30 Dec 2020,792520616000,739151000,59869,51--,2020,12
281,HOME,0.0,-56.9,19,01 Dec 2020,30 Dec 2020,0,0,0,94--,2020,12
282,HOMI,28.78,247.37,19,01 Dec 2020,30 Dec 2020,27394784000,23235200,594,61--,2020,12
283,HOTL,0.0,-50.98,19,01 Dec 2020,30 Dec 2020,42735000,854700,101,94--,2020,12
284,HRME,-11.86,-50.48,19,01 Dec 2020,30 Dec 2020,32560859900,587231200,28285,94--,2020,12
285,HRTA,11.93,-20.26,19,01 Dec 2020,30 Dec 2020,155553477000,551539900,45417,59--,2020,12
286,HRUM,7.19,112.86,19,01 Dec 2020,30 Dec 2020,691626903000,227460500,67490,21--,2020,12
287,IATA,0.0,0.0,19,01 Dec 2020,30 Dec 2020,15995000,319900,66,74--,2020,12
288,IBFN,-7.53,2.27,19,01 Dec 2020,30 Dec 2020,167427400,602400,151,82--,2020,12
289,IBST,-9.38,-12.65,19,01 Dec 2020,30 Dec 2020,38647500,4800,30,75--,2020,12
290,ICBP,-3.28,-8.37,19,01 Dec 2020,30 Dec 2020,3089673387500,315626200,204893,51--,2020,12
291,ICON,39.62,-24.49,19,01 Dec 2020,30 Dec 2020,4515068000,44430100,4947,94--,2020,12
292,IDPR,35.44,-75.96,19,01 Dec 2020,30 Dec 2020,1256883300,6776600,981,62--,2020,12
293,IFII,0.0,40.95,19,01 Dec 2020,30 Dec 2020,2538444900,16937900,3384,37--,2020,12
294,IFSH,4.21,-10.0,19,01 Dec 2020,30 Dec 2020,154385800,412900,217,23--,2020,12
295,IGAR,2.31,-7.81,19,01 Dec 2020,30 Dec 2020,987293600,2833700,798,35--,2020,12
296,IIKP,0.0,-79.17,19,01 Dec 2020,30 Dec 2020,0,0,0,51--,2020,12
297,IKAI,0.0,-70.59,19,01 Dec 2020,30 Dec 2020,241540000,4830800,309,94--,2020,12
298,IKAN,-10.37,22.5,19,01 Dec 2020,30 Dec 2020,29388710700,179846900,21995,51--,2020,12
299,IKBI,5.41,-9.3,19,01 Dec 2020,30 Dec 2020,97119600,425800,167,45--,2020,12
300,IMAS,26.78,-29.86,19,01 Dec 2020,30 Dec 2020,1235683994000,863942200,137201,42--,2020,12
301,IMJS,3.54,-36.92,19,01 Dec 2020,30 Dec 2020,295559738200,695303800,54102,82--,2020,12
302,IMPC,-3.99,40.96,19,01 Dec 2020,30 Dec 2020,38386813500,28343300,2942,35--,2020,12
303,INAF,27.53,-38.0,19,01 Dec 2020,30 Dec 2020,993796739000,237853500,112597,53--,2020,12
304,INAI,-1.76,-18.54,19,01 Dec 2020,30 Dec 2020,398535400,1185600,348,33--,2020,12
305,INCF,10.14,-72.46,19,01 Dec 2020,30 Dec 2020,3244800200,41999600,3207,39--,2020,12
306,INCI,16.03,57.39,19,01 Dec 2020,30 Dec 2020,4791178500,5544300,2723,34--,2020,12
307,INCO,10.63,56.44,19,01 Dec 2020,30 Dec 2020,2729693037500,523566800,157671,23--,2020,12
308,INDF,-3.52,-8.05,19,01 Dec 2020,30 Dec 2020,2073244912500,297337500,130491,51--,2020,12
309,INDO,11.5,14.55,19,01 Dec 2020,30 Dec 2020,552684400,4427200,985,61--,2020,12
310,INDR,1.67,-48.52,19,01 Dec 2020,30 Dec 2020,1157439000,388400,631,43--,2020,12
311,INDS,1.27,-9.91,19,01 Dec 2020,30 Dec 2020,408707500,210900,303,42--,2020,12
312,INDX,10.0,-30.38,19,01 Dec 2020,30 Dec 2020,210011000,4063500,694,99--,2020,12
313,INDY,1.17,9.15,19,01 Dec 2020,30 Dec 2020,1847464048000,985597300,167490,21--,2020,12
314,INKP,20.17,-9.74,19,01 Dec 2020,30 Dec 2020,2966622217500,288863300,142645,38--,2020,12
315,INOV,-1.2,-34.4,19,01 Dec 2020,30 Dec 2020,2715558600,16133000,901,39--,2020,12
316,INPC,9.52,11.29,19,01 Dec 2020,30 Dec 2020,2062680800,30136400,5064,81--,2020,12
317,INPP,-3.95,4.29,19,01 Dec 2020,30 Dec 2020,2488215000,3456000,64,61--,2020,12
318,INPS,165.31,91.18,19,01 Dec 2020,30 Dec 2020,2812996500,1213700,1228,91--,2020,12
319,INRU,8.08,103.81,19,01 Dec 2020,30 Dec 2020,255792000,277000,56,38--,2020,12
320,INTA,-2.06,-61.07,19,01 Dec 2020,30 Dec 2020,401464600,2011600,321,91--,2020,12
321,INTD,-7.14,-56.67,19,01 Dec 2020,30 Dec 2020,50266000,447500,164,91--,2020,12
322,INTP,1.22,-21.54,19,01 Dec 2020,30 Dec 2020,1310195302500,89840000,92749,31--,2020,12
323,IPCC,31.19,-67.68,19,01 Dec 2020,30 Dec 2020,122169430700,228130800,30599,72--,2020,12
324,IPCM,25.35,-27.35,19,01 Dec 2020,30 Dec 2020,4372503000,12957300,3275,74--,2020,12
325,IPOL,79.78,79.78,19,01 Dec 2020,30 Dec 2020,32244844200,226037600,12869,35--,2020,12
326,IPTV,13.1,36.67,19,01 Dec 2020,30 Dec 2020,78349255000,262673500,78908,95--,2020,12
327,IRRA,71.12,327.81,19,01 Dec 2020,30 Dec 2020,1747747400000,1226657400,230212,91--,2020,12
328,ISAT,129.55,199.7,19,01 Dec 2020,30 Dec 2020,3874100699000,954988700,272544,73--,2020,12
329,ISSP,0.63,90.48,19,01 Dec 2020,30 Dec 2020,114980065700,652488500,34695,33--,2020,12
330,ITIC,-35.0,195.45,19,01 Dec 2020,30 Dec 2020,225866621500,288113600,55274,52--,2020,12
331,ITMA,5.0,-36.36,19,01 Dec 2020,30 Dec 2020,22764888500,44336500,1485,99--,2020,12
332,ITMG,5.73,-31.6,19,01 Dec 2020,30 Dec 2020,2411495720000,164173500,161466,21--,2020,12
333,JAST,131.19,2.44,19,01 Dec 2020,30 Dec 2020,442493817500,2507210500,129511,73--,2020,12
334,JAWA,2.08,-27.41,19,01 Dec 2020,30 Dec 2020,255481400,2784800,663,12--,2020,12
335,JAYA,19.63,-55.56,19,01 Dec 2020,30 Dec 2020,53577634300,358132500,30758,74--,2020,12
336,JECC,-10.4,-15.79,19,01 Dec 2020,30 Dec 2020,276085000,46000,10,45--,2020,12
337,JGLE,0.0,0.0,19,01 Dec 2020,30 Dec 2020,0,0,0,94--,2020,12
338,JIHD,4.69,-8.61,19,01 Dec 2020,30 Dec 2020,82467200,187800,79,94--,2020,12
339,JKON,17.65,9.89,19,01 Dec 2020,30 Dec 2020,1584185200,4347000,163,62--,2020,12
340,JKSW,0.0,1.69,19,01 Dec 2020,30 Dec 2020,0,0,0,33--,2020,12
341,JMAS,49.25,-77.78,19,01 Dec 2020,30 Dec 2020,2635745000,11544900,2991,84--,2020,12
342,JPFA,9.74,-31.86,19,01 Dec 2020,30 Dec 2020,687430431500,451091300,86905,36--,2020,12
343,JRPT,14.29,-18.92,19,01 Dec 2020,30 Dec 2020,56042109900,97108900,15195,61--,2020,12
344,JSKY,-12.21,-77.45,19,01 Dec 2020,30 Dec 2020,279262989200,1154664100,72605,46--,2020,12
345,JSMR,10.5,8.18,19,01 Dec 2020,30 Dec 2020,1419805098000,310738600,114544,72--,2020,12
346,JSPT,-5.03,-12.37,19,01 Dec 2020,30 Dec 2020,84876000,98900,130,94--,2020,12
347,JTPE,9.78,103.63,19,01 Dec 2020,30 Dec 2020,18276937500,19485100,1348,95--,2020,12
348,KAEF,34.92,63.46,19,01 Dec 2020,30 Dec 2020,4073495925500,943442600,338699,53--,2020,12
349,KARW,5.63,-10.71,19,01 Dec 2020,30 Dec 2020,830428200,10939000,951,72--,2020,12
350,KAYU,11.59,-48.67,19,01 Dec 2020,30 Dec 2020,14805877100,179446100,11092,91--,2020,12
351,KBAG,0.0,-50.0,19,01 Dec 2020,30 Dec 2020,399949075200,7831929800,163055,61--,2020,12
352,KBLI,6.67,27.15,19,01 Dec 2020,30 Dec 2020,51496557800,129162000,17315,45--,2020,12
353,KBLM,-0.92,-13.6,19,01 Dec 2020,30 Dec 2020,3484479000,15314200,2761,45--,2020,12
354,KBLV,-5.96,-41.43,19,01 Dec 2020,30 Dec 2020,120141400,292100,129,95--,2020,12
355,KBRI,0.0,0.0,19,01 Dec 2020,30 Dec 2020,0,0,0,38--,2020,12
356,KDSI,-1.79,-17.5,19,01 Dec 2020,30 Dec 2020,753863500,878200,230,38--,2020,12
357,KEEN,29.03,1.01,19,01 Dec 2020,30 Dec 2020,27791452000,81785000,7523,71--,2020,12
358,KEJU,7.97,80.67,19,01 Dec 2020,30 Dec 2020,12154390500,9282000,2652,51--,2020,12
359,KIAS,0.0,-50.0,19,01 Dec 2020,30 Dec 2020,354992000,7011900,1253,32--,2020,12
360,KICI,-14.52,-25.35,19,01 Dec 2020,30 Dec 2020,24636600,105200,91,55--,2020,12
361,KIJA,0.94,-22.46,19,01 Dec 2020,30 Dec 2020,331893610200,1448794600,60950,61--,2020,12
362,KINO,-5.88,-2.86,19,01 Dec 2020,30 Dec 2020,15656751000,5533100,3784,54--,2020,12
363,KIOS,0.0,-94.31,19,01 Dec 2020,30 Dec 2020,117212800,840700,232,93--,2020,12
364,KJEN,-12.93,466.83,19,01 Dec 2020,30 Dec 2020,167540000,146000,204,74--,2020,12
365,KKGI,9.92,-24.86,19,01 Dec 2020,30 Dec 2020,3605303000,11463700,2598,21--,2020,12
366,KLBF,-1.66,-2.63,19,01 Dec 2020,30 Dec 2020,1504171810500,999311700,141466,53--,2020,12
367,KMDS,12.98,56.67,19,01 Dec 2020,30 Dec 2020,563436800,1294800,497,91--,2020,12
368,KMTR,-4.02,23.7,19,01 Dec 2020,30 Dec 2020,592546800,1721700,482,39--,2020,12
369,KOBX,14.56,-26.71,19,01 Dec 2020,30 Dec 2020,2151013900,18792700,2856,91--,2020,12
370,KOIN,4.12,-56.47,19,01 Dec 2020,30 Dec 2020,316020600,3160100,108,93--,2020,12
371,KONI,1.28,-0.83,19,01 Dec 2020,30 Dec 2020,14652300,31300,54,91--,2020,12
372,KOPI,12.72,-30.82,19,01 Dec 2020,30 Dec 2020,631466400,1366300,233,71--,2020,12
373,KOTA,70.71,69.0,19,01 Dec 2020,30 Dec 2020,101029552900,298533300,13971,61--,2020,12
374,KPAL,-1.96,-83.33,19,01 Dec 2020,30 Dec 2020,1527580500,30290300,1820,41--,2020,12
375,KPAS,6.25,-87.75,19,01 Dec 2020,30 Dec 2020,18244150200,232534800,14043,54--,2020,12
376,KPIG,0.95,-23.74,19,01 Dec 2020,30 Dec 2020,8021736900,74979900,18809,94--,2020,12
377,KRAH,0.0,-82.13,19,01 Dec 2020,30 Dec 2020,0,0,0,41--,2020,12
378,KRAS,3.88,6.47,19,01 Dec 2020,30 Dec 2020,878720430200,1940877500,108573,33--,2020,12
379,KREN,-8.7,-87.18,19,01 Dec 2020,30 Dec 2020,22321033800,249721500,13537,98--,2020,12
380,LAND,-10.2,-80.0,19,01 Dec 2020,30 Dec 2020,473417400,2492400,524,61--,2020,12
381,LAPD,0.0,0.0,19,01 Dec 2020,30 Dec 2020,0,0,0,71--,2020,12
382,LCGP,0.0,-12.31,19,01 Dec 2020,30 Dec 2020,0,0,0,61--,2020,12
383,LCKM,2.81,31.65,19,01 Dec 2020,30 Dec 2020,23125400,63700,33,75--,2020,12
384,LEAD,0.0,0.0,19,01 Dec 2020,30 Dec 2020,7709577500,153852200,4027,74--,2020,12
385,LIFE,-3.04,-60.41,19,01 Dec 2020,30 Dec 2020,175345000,35600,49,84--,2020,12
386,LINK,-0.41,-50.82,19,01 Dec 2020,30 Dec 2020,344264026000,131807600,37633,95--,2020,12
387,LION,26.28,-49.12,19,01 Dec 2020,30 Dec 2020,277011200,758100,346,33--,2020,12
388,LMAS,0.0,-13.79,19,01 Dec 2020,30 Dec 2020,77970000,1559400,145,97--,2020,12
389,LMPI,3.66,-40.97,19,01 Dec 2020,30 Dec 2020,48936600,580500,231,55--,2020,12
390,LMSH,35.48,-27.59,19,01 Dec 2020,30 Dec 2020,75641500,192900,165,33--,2020,12
391,LPCK,-1.39,-3.73,19,01 Dec 2020,30 Dec 2020,135685940500,90702000,24927,61--,2020,12
392,LPGI,0.59,-21.16,19,01 Dec 2020,30 Dec 2020,344474000,101500,107,84--,2020,12
393,LPIN,-3.17,-75.48,19,01 Dec 2020,30 Dec 2020,576183800,2321900,644,42--,2020,12
394,LPKR,-8.55,-15.75,19,01 Dec 2020,30 Dec 2020,1115983530000,4679622000,161211,61--,2020,12
395,LPLI,0.0,-20.56,19,01 Dec 2020,30 Dec 2020,307180000,3599400,456,95--,2020,12
396,LPPF,0.79,-77.23,19,01 Dec 2020,30 Dec 2020,1027011319000,752448500,113883,93--,2020,12
397,LPPS,8.64,-13.73,19,01 Dec 2020,30 Dec 2020,718028500,8621100,633,89--,2020,12
398,LRNA,33.33,86.92,19,01 Dec 2020,30 Dec 2020,505043800,2528600,875,74--,2020,12
399,LSIP,15.55,10.0,19,01 Dec 2020,30 Dec 2020,746986009500,592057800,63509,12--,2020,12
400,LTLS,5.6,-20.33,19,01 Dec 2020,30 Dec 2020,3583230400,7335000,1483,91--,2020,12
401,LUCK,-3.93,-75.92,19,01 Dec 2020,30 Dec 2020,28155598300,147020000,16271,97--,2020,12
402,MABA,0.0,-77.27,19,01 Dec 2020,30 Dec 2020,0,0,0,61--,2020,12
403,MAGP,0.0,0.0,19,01 Dec 2020,30 Dec 2020,2020000,40400,41,12--,2020,12
404,MAIN,13.85,-46.95,19,01 Dec 2020,30 Dec 2020,247860382500,320904800,42370,36--,2020,12
405,MAMI,0.0,-58.33,19,01 Dec 2020,30 Dec 2020,356545000,7130900,382,94--,2020,12
406,MAMIP,0.0,0.0,19,01 Dec 2020,30 Dec 2020,0,0,0,94--,2020,12
407,MAPA,-5.45,-34.32,19,01 Dec 2020,30 Dec 2020,74097872000,26840000,11222,93--,2020,12
408,MAPB,0.0,-24.3,19,01 Dec 2020,30 Dec 2020,350013000,261600,291,94--,2020,12
409,MAPI,-1.86,-1.86,19,01 Dec 2020,30 Dec 2020,547461581500,640886000,75137,93--,2020,12
410,MARI,80.0,-65.12,19,01 Dec 2020,30 Dec 2020,113334853600,1751560400,29653,95--,2020,12
411,MARK,-1.75,-57.68,19,01 Dec 2020,30 Dec 2020,70797827000,87763300,13543,32--,2020,12
412,MASA,74.56,38.19,19,01 Dec 2020,30 Dec 2020,11347744500,11506400,1276,42--,2020,12
413,MAYA,-4.37,8.9,19,01 Dec 2020,30 Dec 2020,248735000,29400,100,81--,2020,12
414,MBAP,-2.18,-5.61,19,01 Dec 2020,30 Dec 2020,24082048000,8426200,6384,21--,2020,12
415,MBSS,9.77,-3.28,19,01 Dec 2020,30 Dec 2020,70436816600,140916000,20019,74--,2020,12
416,MBTO,11.76,-24.6,19,01 Dec 2020,30 Dec 2020,112783300,1167900,541,54--,2020,12
417,MCAS,47.78,24.3,19,01 Dec 2020,30 Dec 2020,230682133000,67911100,7323,93--,2020,12
418,MCOR,14.88,-2.11,19,01 Dec 2020,30 Dec 2020,60055666100,422265700,16604,81--,2020,12
419,MDIA,9.8,-58.82,19,01 Dec 2020,30 Dec 2020,3100189100,52641300,3795,95--,2020,12
420,MDKA,25.26,-30.57,19,01 Dec 2020,30 Dec 2020,3309259628000,1500816800,196240,23--,2020,12
421,MDKI,37.28,-14.07,19,01 Dec 2020,30 Dec 2020,21251436700,88721200,9084,34--,2020,12
422,MDLN,0.0,-77.43,19,01 Dec 2020,30 Dec 2020,0,0,0,61--,2020,12
423,MDRN,0.0,0.0,19,01 Dec 2020,30 Dec 2020,4095000,81900,30,91--,2020,12
424,MEDC,18.47,-13.87,19,01 Dec 2020,30 Dec 2020,2156090427100,3572295400,177612,22--,2020,12
425,MEGA,2.86,46.94,19,01 Dec 2020,30 Dec 2020,254917500,36300,94,81--,2020,12
426,MERK,2.82,-23.72,19,01 Dec 2020,30 Dec 2020,4242849000,1302400,1552,53--,2020,12
427,META,63.5,8.74,19,01 Dec 2020,30 Dec 2020,299916685000,1346628200,47825,72--,2020,12
428,MFIN,-8.76,11.86,19,01 Dec 2020,30 Dec 2020,586845000,569500,189,82--,2020,12
429,MFMI,27.73,-5.0,19,01 Dec 2020,30 Dec 2020,3437107000,4127100,3679,99--,2020,12
430,MGNA,0.0,0.0,19,01 Dec 2020,30 Dec 2020,0,0,0,98--,2020,12
431,MGRO,4.49,-18.09,19,01 Dec 2020,30 Dec 2020,39266336000,50806800,5691,12--,2020,12
432,MICE,3.47,-19.46,19,01 Dec 2020,30 Dec 2020,491822600,1674400,552,91--,2020,12
433,MIDI,12.9,79.91,19,01 Dec 2020,30 Dec 2020,183744602500,96720700,85,93--,2020,12
434,MIKA,1.11,73.33,19,01 Dec 2020,30 Dec 2020,1390499934000,502506800,63771,96--,2020,12
435,MINA,0.0,-93.55,19,01 Dec 2020,30 Dec 2020,39590000,791800,91,94--,2020,12
436,MIRA,0.0,0.0,19,01 Dec 2020,30 Dec 2020,6065000,121300,50,74--,2020,12
437,MITI,0.0,154.0,19,01 Dec 2020,30 Dec 2020,0,0,0,22--,2020,12
438,MKNT,0.0,-74.36,19,01 Dec 2020,30 Dec 2020,64680000,1293600,137,93--,2020,12
439,MKPI,11.55,24.44,19,01 Dec 2020,30 Dec 2020,46090000,1700,17,61--,2020,12
440,MLBI,0.0,-39.38,19,01 Dec 2020,30 Dec 2020,23901580000,2464900,2308,51--,2020,12
441,MLIA,11.0,-53.94,19,01 Dec 2020,30 Dec 2020,61321425200,115770300,5974,32--,2020,12
442,MLPL,2.9,-4.05,19,01 Dec 2020,30 Dec 2020,13872712600,192586200,6817,98--,2020,12
443,MLPT,2.9,-22.4,19,01 Dec 2020,30 Dec 2020,2324663500,3210400,1713,97--,2020,12
444,MMLP,10.37,-42.69,19,01 Dec 2020,30 Dec 2020,48918934000,165788100,8430,61--,2020,12
445,MNCN,12.32,65.22,19,01 Dec 2020,30 Dec 2020,2406085999500,2105861900,154850,95--,2020,12
446,MOLI,-4.49,-22.73,19,01 Dec 2020,30 Dec 2020,233490500,273800,116,34--,2020,12
447,MPMX,1.65,-45.41,19,01 Dec 2020,30 Dec 2020,532940743300,1013905900,87646,91--,2020,12
448,MPOW,5.97,-37.72,19,01 Dec 2020,30 Dec 2020,325604900,4295100,828,71--,2020,12
449,MPPA,3.96,-30.92,19,01 Dec 2020,30 Dec 2020,38113829100,333115700,16684,93--,2020,12
450,MPRO,-2.79,125.97,19,01 Dec 2020,30 Dec 2020,23475500,14400,37,61--,2020,12
451,MRAT,18.18,-5.59,19,01 Dec 2020,30 Dec 2020,1644833000,10332100,2178,54--,2020,12
452,MREI,-2.08,-7.84,19,01 Dec 2020,30 Dec 2020,10679000,2300,12,84--,2020,12
453,MSIN,-41.12,-42.63,19,01 Dec 2020,30 Dec 2020,7952184400,26791600,6334,95--,2020,12
454,MSKY,16.06,5.3,19,01 Dec 2020,30 Dec 2020,1449889000,1947200,650,95--,2020,12
455,MTDL,-0.63,82.66,19,01 Dec 2020,30 Dec 2020,189794326000,115306600,28101,97--,2020,12
456,MTFN,0.0,0.0,19,01 Dec 2020,30 Dec 2020,4447150000,88943000,5437,22--,2020,12
457,MTLA,1.9,-4.02,19,01 Dec 2020,30 Dec 2020,1447330400,3299400,394,61--,2020,12
458,MTPS,-39.78,-48.44,19,01 Dec 2020,30 Dec 2020,4611809500,16794100,2846,75--,2020,12
459,MTRA,0.0,-32.22,19,01 Dec 2020,30 Dec 2020,0,0,0,62--,2020,12
460,MTSM,10.1,-5.22,19,01 Dec 2020,30 Dec 2020,13792200,64700,86,61--,2020,12
461,MTWI,6.9,1.64,19,01 Dec 2020,30 Dec 2020,138591400,2230500,447,84--,2020,12
462,MYOH,4.0,24.4,19,01 Dec 2020,30 Dec 2020,3181498500,2519700,919,21--,2020,12
463,MYOR,13.87,3.44,19,01 Dec 2020,30 Dec 2020,332107508000,124662200,54654,51--,2020,12
464,MYRX,0.0,-57.98,19,01 Dec 2020,30 Dec 2020,0,0,0,61--,2020,12
465,MYRXP,0.0,0.0,19,01 Dec 2020,30 Dec 2020,0,0,0,61--,2020,12
466,MYTX,-5.66,-52.83,19,01 Dec 2020,30 Dec 2020,90834600,1782600,351,43--,2020,12
467,NASA,0.0,-82.95,19,01 Dec 2020,30 Dec 2020,0,0,0,94--,2020,12
468,NATO,-10.0,467.96,19,01 Dec 2020,30 Dec 2020,2372889896500,3936797400,76836,94--,2020,12
469,NELY,-2.74,6.77,19,01 Dec 2020,30 Dec 2020,843666500,5922600,494,74--,2020,12
470,NFCX,48.55,1.32,19,01 Dec 2020,30 Dec 2020,14393740500,8751400,571,93--,2020,12
471,NICK,-12.9,88.81,19,01 Dec 2020,30 Dec 2020,1414744000,5163300,139,98--,2020,12
472,NIKL,45.96,-59.86,19,01 Dec 2020,30 Dec 2020,421294126000,277328100,71769,33--,2020,12
473,NIPS,0.0,-22.53,19,01 Dec 2020,30 Dec 2020,0,0,0,42--,2020,12
474,NIRO,-2.99,82.02,19,01 Dec 2020,30 Dec 2020,3433873300,21221400,130,61--,2020,12
475,NISP,1.23,-4.09,19,01 Dec 2020,30 Dec 2020,13807889000,16578900,4417,81--,2020,12
476,NOBU,4.43,-17.5,19,01 Dec 2020,30 Dec 2020,440473500,552000,426,81--,2020,12
477,NRCA,5.0,-2.07,19,01 Dec 2020,30 Dec 2020,13979756600,36192200,4411,62--,2020,12
478,NUSA,0.0,-50.5,19,01 Dec 2020,30 Dec 2020,0,0,0,94--,2020,12
479,NZIA,11.8,-18.18,19,01 Dec 2020,30 Dec 2020,111349900,700600,374,61--,2020,12
480,OASA,-14.02,0.0,19,01 Dec 2020,30 Dec 2020,8701200,23500,40,75--,2020,12
481,OCAP,0.0,-41.97,19,01 Dec 2020,30 Dec 2020,0,0,0,98--,2020,12
482,OKAS,-6.36,-38.32,19,01 Dec 2020,30 Dec 2020,22564215800,193953500,14061,91--,2020,12
483,OMRE,0.62,-81.9,19,01 Dec 2020,30 Dec 2020,5555600,16300,16,61--,2020,12
484,OPMS,5.73,22.96,19,01 Dec 2020,30 Dec 2020,13453312600,83190900,5701,91--,2020,12
485,PADI,0.0,-93.87,19,01 Dec 2020,30 Dec 2020,13230000,264600,108,83--,2020,12
486,PALM,8.18,32.31,19,01 Dec 2020,30 Dec 2020,17749777200,51008800,10771,12--,2020,12
487,PAMG,-8.04,3.0,19,01 Dec 2020,30 Dec 2020,68997323900,598706900,28971,61--,2020,12
488,PANI,1.75,-34.46,19,01 Dec 2020,30 Dec 2020,98733900,876900,215,51--,2020,12
489,PANR,10.07,-58.65,19,01 Dec 2020,30 Dec 2020,8024366000,48189800,5250,94--,2020,12
490,PANS,35.98,-11.38,19,01 Dec 2020,30 Dec 2020,27566716500,23947000,5480,83--,2020,12
491,PBID,21.1,24.78,19,01 Dec 2020,30 Dec 2020,5677122000,4485500,2628,35--,2020,12
492,PBRX,7.89,-55.27,19,01 Dec 2020,30 Dec 2020,150007340800,592977200,34805,43--,2020,12
493,PBSA,-14.39,-15.6,19,01 Dec 2020,30 Dec 2020,33266000,51300,115,62--,2020,12
494,PCAR,26.14,-89.63,19,01 Dec 2020,30 Dec 2020,10585509300,14558200,4700,51--,2020,12
495,PDES,14.81,-72.0,19,01 Dec 2020,30 Dec 2020,228276800,516100,278,94--,2020,12
496,PEGE,17.24,-22.29,19,01 Dec 2020,30 Dec 2020,52992400,436100,197,98--,2020,12
497,PEHA,9.35,-39.68,19,01 Dec 2020,30 Dec 2020,113976371000,55647600,21493,53--,2020,12
498,PGAS,19.06,-21.93,19,01 Dec 2020,30 Dec 2020,9975006534500,5961201600,611816,71--,2020,12
499,PGJO,54.29,-32.5,19,01 Dec 2020,30 Dec 2020,551982700,8305200,1557,94--,2020,12
500,PGLI,7.21,-14.39,19,01 Dec 2020,30 Dec 2020,137104500,577200,250,94--,2020,12
501,PGUN,14.68,117.39,19,01 Dec 2020,30 Dec 2020,1493653800,6181600,479,12--,2020,12
502,PICO,0.7,-42.8,19,01 Dec 2020,30 Dec 2020,2291197100,15724700,2466,33--,2020,12
503,PJAA,-5.51,-52.38,19,01 Dec 2020,30 Dec 2020,9027044000,14306600,3258,94--,2020,12
504,PKPK,5.88,-48.57,19,01 Dec 2020,30 Dec 2020,7065700500,116323000,6360,22--,2020,12
505,PLAN,-21.26,-10.71,19,01 Dec 2020,30 Dec 2020,18731905400,151342500,11968,94--,2020,12
506,PLAS,0.0,0.0,19,01 Dec 2020,30 Dec 2020,0,0,0,98--,2020,12
507,PLIN,-2.0,-14.93,19,01 Dec 2020,30 Dec 2020,1203652000,480500,85,61--,2020,12
508,PMJS,-5.41,-16.0,19,01 Dec 2020,30 Dec 2020,54601400,481400,218,91--,2020,12
509,PNBN,7.58,-6.99,19,01 Dec 2020,30 Dec 2020,321329462500,296604800,20023,81--,2020,12
510,PNBS,20.29,66.0,19,01 Dec 2020,30 Dec 2020,353844874100,4109264600,95116,81--,2020,12
511,PNGO,31.15,156.41,19,01 Dec 2020,30 Dec 2020,226148500,347800,313,12--,2020,12
512,PNIN,9.49,-17.62,19,01 Dec 2020,30 Dec 2020,44489095500,51996600,35058,84--,2020,12
513,PNLF,9.82,-8.21,19,01 Dec 2020,30 Dec 2020,285610542000,1150955200,37976,89--,2020,12
514,PNSE,-4.89,62.12,19,01 Dec 2020,30 Dec 2020,2378000,2200,14,94--,2020,12
515,POLA,355.56,-88.82,19,01 Dec 2020,30 Dec 2020,517033400,4141800,726,82--,2020,12
516,POLI,-19.19,-51.07,19,01 Dec 2020,30 Dec 2020,660470000,781500,688,61--,2020,12
517,POLL,-0.44,156.57,19,01 Dec 2020,30 Dec 2020,48742430500,10381200,9034,61--,2020,12
518,POLU,-3.85,160.42,19,01 Dec 2020,30 Dec 2020,109519000,143000,270,43--,2020,12
519,POLY,20.0,-60.0,19,01 Dec 2020,30 Dec 2020,10811006500,171395000,8068,43--,2020,12
520,POOL,0.0,-99.01,19,01 Dec 2020,30 Dec 2020,0,0,0,98--,2020,12
521,PORT,1.48,-25.09,19,01 Dec 2020,30 Dec 2020,48857200,104800,121,74--,2020,12
522,POSA,0.0,-66.67,19,01 Dec 2020,30 Dec 2020,0,0,0,61--,2020,12
523,POWR,1.43,-20.22,19,01 Dec 2020,30 Dec 2020,292073864000,400386400,46195,71--,2020,12
524,PPGL,-14.61,38.18,19,01 Dec 2020,30 Dec 2020,16081978800,96614600,11232,74--,2020,12
525,PPRE,14.91,-17.61,19,01 Dec 2020,30 Dec 2020,176820687000,654561200,40021,75--,2020,12
526,PPRO,2.17,-19.66,19,01 Dec 2020,30 Dec 2020,2278215190500,20565894700,369357,61--,2020,12
527,PRAS,-2.4,-31.07,19,01 Dec 2020,30 Dec 2020,135467600,1087100,194,42--,2020,12
528,PRDA,-2.99,42.54,19,01 Dec 2020,30 Dec 2020,7810365000,2247900,1027,96--,2020,12
529,PRIM,-7.2,-61.65,19,01 Dec 2020,30 Dec 2020,2094049600,8690500,1597,96--,2020,12
530,PSAB,28.16,30.69,19,01 Dec 2020,30 Dec 2020,610416191800,2316743200,87574,23--,2020,12
531,PSDN,12.07,-32.29,19,01 Dec 2020,30 Dec 2020,486596700,3888900,248,51--,2020,12
532,PSGO,13.33,13.33,19,01 Dec 2020,30 Dec 2020,885089500,7679500,1121,12--,2020,12
533,PSKT,0.0,0.0,19,01 Dec 2020,30 Dec 2020,12295000,245900,29,94--,2020,12
534,PSSI,4.82,12.99,19,01 Dec 2020,30 Dec 2020,7790159500,44598700,4242,74--,2020,12
535,PTBA,19.07,-34.65,19,01 Dec 2020,30 Dec 2020,4395339375000,1566414800,372875,21--,2020,12
536,PTIS,-3.61,-50.0,19,01 Dec 2020,30 Dec 2020,4292900,27300,54,74--,2020,12
537,PTPP,37.13,3.32,19,01 Dec 2020,30 Dec 2020,3222235255500,1862806300,232684,62--,2020,12
538,PTPW,-2.27,65.38,19,01 Dec 2020,30 Dec 2020,27650048000,24852800,10918,75--,2020,12
539,PTRO,-3.5,8.12,19,01 Dec 2020,30 Dec 2020,79758530000,38315100,17471,21--,2020,12
540,PTSN,2.65,-88.34,19,01 Dec 2020,30 Dec 2020,31761583800,132599400,13793,46--,2020,12
541,PTSP,-22.55,-49.18,19,01 Dec 2020,30 Dec 2020,35715000,8300,21,94--,2020,12
542,PUDP,4.55,-52.08,19,01 Dec 2020,30 Dec 2020,4410200,18900,63,61--,2020,12
543,PURA,-11.51,17.14,19,01 Dec 2020,30 Dec 2020,1555478042000,12204093300,162096,74--,2020,12
544,PURE,-16.18,-24.0,19,01 Dec 2020,30 Dec 2020,94847700800,365249400,32643,33--,2020,12
545,PURI,-0.67,75.29,19,01 Dec 2020,30 Dec 2020,249226600,856100,168,61--,2020,12
546,PWON,2.0,-17.74,19,01 Dec 2020,30 Dec 2020,1271011768300,2364342100,181166,61--,2020,12
547,PYFA,12.72,415.87,19,01 Dec 2020,30 Dec 2020,198175210000,176666000,47040,53--,2020,12
548,PZZA,10.2,-7.95,19,01 Dec 2020,30 Dec 2020,20852402500,26283300,6718,94--,2020,12
549,RAJA,32.63,-22.22,19,01 Dec 2020,30 Dec 2020,327189978400,1288831700,76544,71--,2020,12
550,RALS,6.16,-45.42,19,01 Dec 2020,30 Dec 2020,551555129500,680966400,89653,93--,2020,12
551,RANC,6.86,38.85,19,01 Dec 2020,30 Dec 2020,23397997000,50124500,7117,93--,2020,12
552,RBMS,0.0,-46.81,19,01 Dec 2020,30 Dec 2020,869858200,17119500,1422,61--,2020,12
553,RDTX,-1.87,-4.55,19,01 Dec 2020,30 Dec 2020,3406740000,647800,356,61--,2020,12
554,REAL,0.0,-50.0,19,01 Dec 2020,30 Dec 2020,6508302900,129924800,7528,61--,2020,12
555,RELI,-19.0,48.62,19,01 Dec 2020,30 Dec 2020,43807000,135100,171,83--,2020,12
556,RICY,14.0,-30.49,19,01 Dec 2020,30 Dec 2020,175026600,1647800,378,43--,2020,12
557,RIGS,15.52,42.55,19,01 Dec 2020,30 Dec 2020,2478060000,9313500,2555,74--,2020,12
558,RIMO,0.0,-64.29,19,01 Dec 2020,30 Dec 2020,0,0,0,61--,2020,12
559,RISE,-3.64,-16.04,19,01 Dec 2020,30 Dec 2020,2175026000,5043900,1239,61--,2020,12
560,RMBA,-6.59,8.97,19,01 Dec 2020,30 Dec 2020,1849197400,4854600,1494,52--,2020,12
561,ROCK,1.11,-32.09,19,01 Dec 2020,30 Dec 2020,278815500,338000,443,61--,2020,12
562,RODA,0.0,-87.19,19,01 Dec 2020,30 Dec 2020,807576600,14789100,948,61--,2020,12
563,RONY,-15.09,80.0,19,01 Dec 2020,30 Dec 2020,165871600,808500,489,99--,2020,12
564,ROTI,4.62,13.33,19,01 Dec 2020,30 Dec 2020,28820421500,21298900,2074,51--,2020,12
565,RUIS,-11.61,5.38,19,01 Dec 2020,30 Dec 2020,544072200,1824800,559,22--,2020,12
566,SAFE,-1.57,-5.53,19,01 Dec 2020,30 Dec 2020,819118800,4372100,2514,74--,2020,12
567,SAME,52.08,-47.86,19,01 Dec 2020,30 Dec 2020,636472704800,2371349600,99479,96--,2020,12
568,SAMF,0.0,145.68,19,01 Dec 2020,30 Dec 2020,69902600,176400,141,34--,2020,12
569,SAPX,0.0,224.44,19,01 Dec 2020,30 Dec 2020,15768000,7200,7,74--,2020,12
570,SATU,0.0,-64.29,19,01 Dec 2020,30 Dec 2020,171789200,3434500,218,61--,2020,12
571,SBAT,53.57,22.86,19,01 Dec 2020,30 Dec 2020,82402990100,752303700,77571,43--,2020,12
572,SCCO,3.96,20.69,19,01 Dec 2020,30 Dec 2020,705220000,68600,140,45--,2020,12
573,SCMA,39.21,22.46,19,01 Dec 2020,30 Dec 2020,778536757000,390958400,101657,95--,2020,12
574,SCNP,3.23,132.73,19,01 Dec 2020,30 Dec 2020,336722800,1330400,309,46--,2020,12
575,SCPI,0.0,0.0,19,01 Dec 2020,30 Dec 2020,0,0,0,53--,2020,12
576,SDMU,14.0,14.0,19,01 Dec 2020,30 Dec 2020,31866021300,400611700,27817,74--,2020,12
577,SDPC,-3.7,9.47,19,01 Dec 2020,30 Dec 2020,1070282300,9043200,1388,91--,2020,12
578,SDRA,-1.99,-13.95,19,01 Dec 2020,30 Dec 2020,127469000,162900,148,81--,2020,12
579,SFAN,18.75,607.45,19,01 Dec 2020,30 Dec 2020,18074161500,15056700,2917,99--,2020,12
580,SGER,21.37,557.41,19,01 Dec 2020,30 Dec 2020,44480456500,67205800,12713,91--,2020,12
581,SGRO,-5.0,-31.86,19,01 Dec 2020,30 Dec 2020,76834063000,44525300,5708,12--,2020,12
582,SHID,7.44,-39.53,19,01 Dec 2020,30 Dec 2020,2900690000,1062700,174,94--,2020,12
583,SHIP,4.35,-33.7,19,01 Dec 2020,30 Dec 2020,13060577000,21123600,5149,74--,2020,12
584,SIDO,5.92,-4.17,19,01 Dec 2020,30 Dec 2020,442629029500,556275000,150204,53--,2020,12
585,SILO,10.0,53.2,19,01 Dec 2020,30 Dec 2020,43629372500,7931600,4831,96--,2020,12
586,SIMA,0.0,-45.65,19,01 Dec 2020,30 Dec 2020,0,0,0,99--,2020,12
587,SIMP,9.38,-8.7,19,01 Dec 2020,30 Dec 2020,146122170200,354572600,27016,12--,2020,12
588,SINI,-0.54,242.59,19,01 Dec 2020,30 Dec 2020,104496400,295100,288,37--,2020,12
589,SIPD,28.76,46.34,19,01 Dec 2020,30 Dec 2020,6650882500,4949600,427,36--,2020,12
590,SKBM,-1.82,-53.38,19,01 Dec 2020,30 Dec 2020,16237200,48400,95,51--,2020,12
591,SKLT,-9.28,4.33,19,01 Dec 2020,30 Dec 2020,107695500,64400,164,51--,2020,12
592,SKRN,23.73,60.79,19,01 Dec 2020,30 Dec 2020,4444012000,6513900,582,62--,2020,12
593,SKYB,0.0,-67.31,19,01 Dec 2020,30 Dec 2020,0,0,0,93--,2020,12
594,SLIS,0.2,4160.87,19,01 Dec 2020,30 Dec 2020,5836794000,1186800,573,46--,2020,12
595,SMAR,31.75,2.47,19,01 Dec 2020,30 Dec 2020,2835281000,762100,749,12--,2020,12
596,SMBR,11.52,-39.14,19,01 Dec 2020,30 Dec 2020,2212352904500,1879203600,238453,31--,2020,12
597,SMCB,30.91,-23.61,19,01 Dec 2020,30 Dec 2020,12485767000,9046400,3816,31--,2020,12
598,SMDM,4.04,-25.36,19,01 Dec 2020,30 Dec 2020,114687100,1129000,238,61--,2020,12
599,SMDR,1.43,-8.39,19,01 Dec 2020,30 Dec 2020,113836159200,358440400,30906,74--,2020,12
600,SMGR,6.2,8.04,19,01 Dec 2020,30 Dec 2020,1284455362500,105168900,77187,31--,2020,12
601,SMKL,8.6,4.66,19,01 Dec 2020,30 Dec 2020,4379551800,22435100,4756,35--,2020,12
602,SMMA,-16.79,31.79,19,01 Dec 2020,30 Dec 2020,3438067500,293800,288,89--,2020,12
603,SMMT,34.88,-27.5,19,01 Dec 2020,30 Dec 2020,13658109200,109899500,12329,21--,2020,12
604,SMRA,-1.83,0.0,19,01 Dec 2020,30 Dec 2020,1411277801000,1688563800,141777,61--,2020,12
605,SMRU,0.0,-92.31,19,01 Dec 2020,30 Dec 2020,0,0,0,21--,2020,12
606,SMSM,1.47,-1.07,19,01 Dec 2020,30 Dec 2020,49842965500,36367500,18253,42--,2020,12
607,SOCI,87.23,101.53,19,01 Dec 2020,30 Dec 2020,534437526600,2135443800,99448,74--,2020,12
608,SOFA,3.85,8.0,19,01 Dec 2020,30 Dec 2020,134344300,1343700,302,55--,2020,12
609,SOHO,-7.63,152.75,19,01 Dec 2020,30 Dec 2020,896570000,181300,566,53--,2020,12
610,SONA,1.27,5.26,19,01 Dec 2020,30 Dec 2020,138500000,23800,56,93--,2020,12
611,SOSS,-1.02,-22.09,19,01 Dec 2020,30 Dec 2020,211186800,551900,502,99--,2020,12
612,SOTS,-4.81,-51.47,19,01 Dec 2020,30 Dec 2020,40104800,210200,166,94--,2020,12
613,SPMA,-6.06,25.0,19,01 Dec 2020,30 Dec 2020,261577600,817400,252,38--,2020,12
614,SPTO,18.9,-41.5,19,01 Dec 2020,30 Dec 2020,31807327300,56593800,7726,91--,2020,12
615,SQMI,34.04,53.66,19,01 Dec 2020,30 Dec 2020,130105002800,373663900,16721,91--,2020,12
616,SRAJ,56.92,-19.69,19,01 Dec 2020,30 Dec 2020,873695200,4555800,949,96--,2020,12
617,SRIL,11.02,-26.82,19,01 Dec 2020,30 Dec 2020,576236248200,2100435700,110282,43--,2020,12
618,SRSN,0.0,-7.94,19,01 Dec 2020,30 Dec 2020,11308594400,188397300,5575,34--,2020,12
619,SRTG,1.48,-9.74,19,01 Dec 2020,30 Dec 2020,258021785000,71416800,23794,98--,2020,12
620,SSIA,6.48,15.0,19,01 Dec 2020,30 Dec 2020,573815418000,988664700,63904,62--,2020,12
621,SSMS,81.16,0.0,19,01 Dec 2020,30 Dec 2020,703450634500,708159900,82600,12--,2020,12
622,SSTM,-0.87,26.11,19,01 Dec 2020,30 Dec 2020,293664000,516100,159,43--,2020,12
623,STAR,-5.36,23.26,19,01 Dec 2020,30 Dec 2020,640919000,5942600,939,43--,2020,12
624,STTP,14.46,153.33,19,01 Dec 2020,30 Dec 2020,259187500,28600,87,51--,2020,12
625,SUGI,0.0,0.0,19,01 Dec 2020,30 Dec 2020,0,0,0,91--,2020,12
626,SULI,0.0,-50.5,19,01 Dec 2020,30 Dec 2020,187542700,3726800,193,37--,2020,12
627,SUPR,0.0,-39.71,19,01 Dec 2020,30 Dec 2020,0,0,0,75--,2020,12
628,SURE,-10.6,-15.67,19,01 Dec 2020,30 Dec 2020,11548685000,4258800,692,22--,2020,12
629,SWAT,0.0,-9.68,19,01 Dec 2020,30 Dec 2020,1243306700,10921400,1689,38--,2020,12
630,TALF,-15.58,-19.75,19,01 Dec 2020,30 Dec 2020,38323000,138000,139,35--,2020,12
631,TAMA,-40.48,-42.86,19,01 Dec 2020,30 Dec 2020,46066729700,335646400,39915,62--,2020,12
632,TAMU,0.0,-98.81,19,01 Dec 2020,30 Dec 2020,1026440000,20528800,1036,74--,2020,12
633,TARA,0.0,-94.32,19,01 Dec 2020,30 Dec 2020,353905000,7078100,1238,61--,2020,12
634,TAXI,0.0,-44.44,19,01 Dec 2020,30 Dec 2020,54840000,1096800,57,74--,2020,12
635,TBIG,14.39,-54.72,19,01 Dec 2020,30 Dec 2020,969762491000,610047600,84023,75--,2020,12
636,TBLA,15.43,8.09,19,01 Dec 2020,30 Dec 2020,187945095500,212693800,27880,51--,2020,12
637,TBMS,26.17,4.44,19,01 Dec 2020,30 Dec 2020,889014000,1013700,654,33--,2020,12
638,TCID,1.97,-62.46,19,01 Dec 2020,30 Dec 2020,6939225000,1067100,945,54--,2020,12
639,TCPI,-5.08,-21.57,19,01 Dec 2020,30 Dec 2020,1062244052500,153112200,112786,74--,2020,12
640,TDPM,2.13,-53.25,19,01 Dec 2020,30 Dec 2020,60434490500,385671700,24774,34--,2020,12
641,TEBE,-19.7,-51.6,19,01 Dec 2020,30 Dec 2020,217650500,374400,313,72--,2020,12
642,TECH,529.92,400.0,19,01 Dec 2020,30 Dec 2020,20060312800,69129300,12370,97--,2020,12
643,TELE,0.0,-87.13,19,01 Dec 2020,30 Dec 2020,0,0,0,93--,2020,12
644,TFAS,12.5,0.0,19,01 Dec 2020,30 Dec 2020,691241900,4021500,416,91--,2020,12
645,TFCO,-2.87,-28.72,19,01 Dec 2020,30 Dec 2020,10164800,21400,15,43--,2020,12
646,TGKA,-7.32,117.16,19,01 Dec 2020,30 Dec 2020,305572500,41500,244,91--,2020,12
647,TGRA,35.78,-81.5,19,01 Dec 2020,30 Dec 2020,256164680200,1813481800,93338,71--,2020,12
648,TIFA,35.27,254.43,19,01 Dec 2020,30 Dec 2020,330092500,710800,284,82--,2020,12
649,TINS,38.79,96.69,19,01 Dec 2020,30 Dec 2020,3395027459500,2462626000,220070,23--,2020,12
650,TIRA,4.0,20.37,19,01 Dec 2020,30 Dec 2020,34698400,134000,205,91--,2020,12
651,TIRT,-3.77,-17.74,19,01 Dec 2020,30 Dec 2020,142566800,2827900,270,37--,2020,12
652,TKIM,39.22,-11.26,19,01 Dec 2020,30 Dec 2020,3333353680000,358988300,161737,38--,2020,12
653,TLKM,2.48,-11.73,19,01 Dec 2020,30 Dec 2020,14774702747000,4347815800,603128,73--,2020,12
654,TMAS,10.4,-82.75,19,01 Dec 2020,30 Dec 2020,15205182000,111923700,9774,74--,2020,12
655,TMPO,-7.69,-20.0,19,01 Dec 2020,30 Dec 2020,193157600,1316700,557,95--,2020,12
656,TNCA,32.5,112.0,19,01 Dec 2020,30 Dec 2020,108580069700,253275900,19650,74--,2020,12
657,TOBA,5.26,-67.9,19,01 Dec 2020,30 Dec 2020,7231398500,12826700,2386,21--,2020,12
658,TOPS,0.0,-93.98,19,01 Dec 2020,30 Dec 2020,3209150000,64183000,1830,62--,2020,12
659,TOTL,0.54,-33.93,19,01 Dec 2020,30 Dec 2020,60258746400,154846800,17672,62--,2020,12
660,TOTO,9.17,-31.61,19,01 Dec 2020,30 Dec 2020,5597339600,22898800,4052,32--,2020,12
661,TOWR,-12.33,39.13,19,01 Dec 2020,30 Dec 2020,2988733387000,2951376700,302002,75--,2020,12
662,TOYS,-14.58,75.71,19,01 Dec 2020,30 Dec 2020,65539684000,88963100,16843,59--,2020,12
663,TPIA,-2.42,53.16,19,01 Dec 2020,30 Dec 2020,572169082500,59845900,21780,34--,2020,12
664,TPMA,9.38,41.13,19,01 Dec 2020,30 Dec 2020,83497800,227500,267,74--,2020,12
665,TRAM,0.0,-70.59,19,01 Dec 2020,30 Dec 2020,0,0,0,21--,2020,12
666,TRIL,0.0,0.0,19,01 Dec 2020,30 Dec 2020,0,0,0,91--,2020,12
667,TRIM,-20.34,-24.19,19,01 Dec 2020,30 Dec 2020,639868100,6516700,623,83--,2020,12
668,TRIN,-9.65,3.0,19,01 Dec 2020,30 Dec 2020,303555208200,1352862100,89973,61--,2020,12
669,TRIO,0.0,80.51,19,01 Dec 2020,30 Dec 2020,0,0,0,93--,2020,12
670,TRIS,4.0,-5.45,19,01 Dec 2020,30 Dec 2020,399105800,2004600,270,43--,2020,12
671,TRJA,-0.64,-38.0,19,01 Dec 2020,30 Dec 2020,1233578000,7852800,1406,74--,2020,12
672,TRST,4.5,4.5,19,01 Dec 2020,30 Dec 2020,930528800,2331800,52,35--,2020,12
673,TRUK,11.76,34.65,19,01 Dec 2020,30 Dec 2020,8368460900,49218500,4995,74--,2020,12
674,TRUS,-14.53,8.09,19,01 Dec 2020,30 Dec 2020,11514600,33400,85,82--,2020,12
675,TSPC,7.69,0.72,19,01 Dec 2020,30 Dec 2020,68191359000,45681800,14152,53--,2020,12
676,TUGU,13.68,-43.84,19,01 Dec 2020,30 Dec 2020,3685677500,1918500,1566,84--,2020,12
677,TURI,-0.76,9.24,19,01 Dec 2020,30 Dec 2020,3029083500,2267200,227,91--,2020,12
678,UANG,-12.5,56.8,19,01 Dec 2020,30 Dec 2020,280546500,1300900,583,94--,2020,12
679,UCID,-4.55,-2.0,19,01 Dec 2020,30 Dec 2020,11734951500,7711300,3939,43--,2020,12
680,ULTJ,-0.62,18.52,19,01 Dec 2020,30 Dec 2020,60598441500,36769800,18038,51--,2020,12
681,UNIC,17.5,20.51,19,01 Dec 2020,30 Dec 2020,2197031500,471600,986,34--,2020,12
682,UNIT,4.58,-37.98,19,01 Dec 2020,30 Dec 2020,49963000,283100,241,43--,2020,12
683,UNSP,10.68,6.54,19,01 Dec 2020,30 Dec 2020,5921393900,53990900,14472,12--,2020,12
684,UNTR,15.65,-2.74,19,01 Dec 2020,30 Dec 2020,3136921915000,118806700,135608,91--,2020,12
685,UNVR,-4.85,-83.81,19,01 Dec 2020,30 Dec 2020,2497139922500,330117200,206206,54--,2020,12
686,URBN,-49.81,-68.23,19,01 Dec 2020,30 Dec 2020,16705509000,21881700,604,61--,2020,12
687,VICO,5.26,-23.08,19,01 Dec 2020,30 Dec 2020,273132600,3355800,1729,89--,2020,12
688,VINS,0.0,-27.78,19,01 Dec 2020,30 Dec 2020,395299500,4330500,644,84--,2020,12
689,VIVA,-7.41,-61.83,19,01 Dec 2020,30 Dec 2020,44048423700,855696700,12344,95--,2020,12
690,VOKS,5.36,-21.33,19,01 Dec 2020,30 Dec 2020,2062229200,9065000,1048,45--,2020,12
691,VRNA,-0.95,-10.34,19,01 Dec 2020,30 Dec 2020,4160000,39900,30,82--,2020,12
692,WAPO,-1.47,-21.18,19,01 Dec 2020,30 Dec 2020,21832700,331200,171,91--,2020,12
693,WEGE,10.34,6.67,19,01 Dec 2020,30 Dec 2020,632211934000,2409655200,103431,62--,2020,12
694,WEHA,6.78,-58.55,19,01 Dec 2020,30 Dec 2020,1362481000,19935200,2637,74--,2020,12
695,WICO,-10.44,-25.67,19,01 Dec 2020,30 Dec 2020,364651400,821000,201,91--,2020,12
696,WIIM,0.0,282.98,19,01 Dec 2020,30 Dec 2020,585067546500,987766300,74528,52--,2020,12
697,WIKA,22.53,19.94,19,01 Dec 2020,30 Dec 2020,2832154911000,1468003800,236342,62--,2020,12
698,WINS,9.18,-51.36,19,01 Dec 2020,30 Dec 2020,24540796500,217197700,10418,74--,2020,12
699,WOMF,4.96,-18.59,19,01 Dec 2020,30 Dec 2020,4416091200,16585100,2784,82--,2020,12
700,WOOD,-8.2,-8.94,19,01 Dec 2020,30 Dec 2020,311522761500,530553700,39680,55--,2020,12
701,WOWS,12.9,-84.44,19,01 Dec 2020,30 Dec 2020,121964470200,1642042500,55331,22--,2020,12
702,WSBP,29.25,-27.13,19,01 Dec 2020,30 Dec 2020,2439681867800,9247657900,313671,31--,2020,12
703,WSKT,38.46,-14.29,19,01 Dec 2020,30 Dec 2020,5743231676500,4210227600,350494,62--,2020,12
704,WTON,10.29,2.66,19,01 Dec 2020,30 Dec 2020,519106538600,1273919400,83542,31--,2020,12
705,YELO,0.0,-87.37,19,01 Dec 2020,30 Dec 2020,2134774200,42086500,2082,99--,2020,12
706,YPAS,-6.93,-44.87,19,01 Dec 2020,30 Dec 2020,43403500,102100,174,35--,2020,12
707,YULE,5.11,89.74,19,01 Dec 2020,30 Dec 2020,141795600,408500,239,83--,2020,12
708,ZBRA,130.0,130.0,19,01 Dec 2020,30 Dec 2020,2452394600,22181900,1629,91--,2020,12
709,ZINC,21.02,-88.12,19,01 Dec 2020,30 Dec 2020,2581162965400,12857263500,192971,23--,2020,12
710,ZONE,-2.01,-23.53,19,01 Dec 2020,30 Dec 2020,1380139600,3619500,802,43--,2020,12
711,PTDU,815.0,815.0,14,08 Dec 2020,30 Dec 2020,1821681000,4823400,1514,62--,2020,12
712,ATAP,52.0,52.0,12,11 Dec 2020,30 Dec 2020,9928258400,45840600,7985,61--,2020,12
713,VICI,212.0,212.0,8,17 Dec 2020,30 Dec 2020,24024689300,68194900,8559,54--,2020,12
714,PMMP,-23.81,-23.81,7,18 Dec 2020,30 Dec 2020,43875722800,118960900,13952,51--,2020,12
