,Stock Code,change %,Total Trading,Start Trading,End Trading,Total Value,Total Volume,Total Frequency,Sektor ID,Periode
0,AALI,-15.44,242,02 Jan 2020,30 Dec 2020,5463025649000,587168900,443310,12--,2020
1,ABBA,-22.64,242,02 Jan 2020,30 Dec 2020,326135374000,4312009200,187710,95--,2020
2,ABDA,-20.07,242,02 Jan 2020,30 Dec 2020,234942500,38000,131,84--,2020
3,ABMM,-50.33,242,02 Jan 2020,30 Dec 2020,12318741000,14272000,4512,98--,2020
4,ACES,14.72,242,02 Jan 2020,30 Dec 2020,5952628629000,3889278100,999667,93--,2020
5,ACST,-54.64,242,02 Jan 2020,30 Dec 2020,3673725342200,13423450900,649218,62--,2020
6,ADES,39.71,242,02 Jan 2020,30 Dec 2020,29381501500,25789900,16978,51--,2020
7,ADHI,30.64,242,02 Jan 2020,30 Dec 2020,5893607404200,6695517800,719296,62--,2020
8,ADMF,-13.7,242,02 Jan 2020,30 Dec 2020,425255370000,53711400,63056,82--,2020
9,ADMG,25.81,242,02 Jan 2020,30 Dec 2020,161278935000,992418600,83722,34--,2020
10,ADRO,-8.04,242,02 Jan 2020,30 Dec 2020,23703466636000,19553388900,2126333,21--,2020
11,AGAR,0.51,242,02 Jan 2020,30 Dec 2020,11089470700,26164400,3858,91--,2020
12,AGII,29.5,242,02 Jan 2020,30 Dec 2020,123373793900,185006200,36676,34--,2020
13,AGRO,422.73,242,02 Jan 2020,30 Dec 2020,9518235148100,21382921900,1256728,81--,2020
14,AGRS,51.11,242,02 Jan 2020,30 Dec 2020,3490684000,22778300,7388,81--,2020
15,AHAP,16.67,242,02 Jan 2020,30 Dec 2020,5104996500,83113100,13071,84--,2020
16,AIMS,-17.78,242,02 Jan 2020,30 Dec 2020,134561400,877100,922,91--,2020
17,AISA,132.14,242,02 Jan 2020,30 Dec 2020,2726000468500,10099947500,480172,51--,2020
18,AKKU,0,242,02 Jan 2020,30 Dec 2020,125310000,2506200,606,94--,2020
19,AKPI,50,242,02 Jan 2020,30 Dec 2020,892096500,2741000,1308,35--,2020
20,AKRA,-19.49,242,02 Jan 2020,30 Dec 2020,12904394515500,4701570800,681214,91--,2020
21,AKSI,-63.84,242,02 Jan 2020,30 Dec 2020,14903452600,49673600,14755,74--,2020
22,ALDO,33.18,242,02 Jan 2020,30 Dec 2020,4885939300,11826400,1654,38--,2020
23,ALKA,-37.32,242,02 Jan 2020,30 Dec 2020,510071200,1826200,1750,33--,2020
24,ALMI,-30.73,242,02 Jan 2020,30 Dec 2020,1347183300,5762600,2101,33--,2020
25,ALTO,-22.61,242,02 Jan 2020,30 Dec 2020,173488225800,443521000,1887,51--,2020
26,AMAG,-23.65,242,02 Jan 2020,30 Dec 2020,17950714400,71555000,10928,84--,2020
27,AMFG,-21.28,242,02 Jan 2020,30 Dec 2020,13456805000,4890900,1890,32--,2020
28,AMIN,-17.95,242,02 Jan 2020,30 Dec 2020,675016000,2053100,1637,41--,2020
29,AMRT,-9.09,242,02 Jan 2020,30 Dec 2020,159416360500,205778400,44369,93--,2020
30,ANDI,6,242,02 Jan 2020,30 Dec 2020,213137743300,3636672000,103478,12--,2020
31,ANJT,-26.5,242,02 Jan 2020,30 Dec 2020,2799375800,4185500,2511,12--,2020
32,ANTM,130.36,242,02 Jan 2020,30 Dec 2020,48747891025400,45067421400,3217336,23--,2020
33,APEX,18.5,242,02 Jan 2020,30 Dec 2020,6397655700,26337900,9634,22--,2020
34,APIC,13.77,242,02 Jan 2020,30 Dec 2020,3245440780000,3850075400,406738,89--,2020
35,APII,-16.3,242,02 Jan 2020,30 Dec 2020,2063713200,11625700,2952,91--,2020
36,APLI,10.61,242,02 Jan 2020,30 Dec 2020,2111535100,14232500,2966,35--,2020
37,APLN,6.21,242,02 Jan 2020,30 Dec 2020,2395944529700,15714150900,541814,61--,2020
38,APOL,0,66,02 Jan 2020,03 Apr 2020,0,0,0,,2020
39,ARGO,136.97,242,02 Jan 2020,30 Dec 2020,1183111500,632800,1045,43--,2020
40,ARII,-43.83,242,02 Jan 2020,30 Dec 2020,3289763800,7131700,2051,21--,2020
41,ARKA,-97.37,242,02 Jan 2020,30 Dec 2020,165737948900,939255500,138091,41--,2020
42,ARMY,0,242,02 Jan 2020,30 Dec 2020,0,0,0,61--,2020
43,ARNA,55.96,242,02 Jan 2020,30 Dec 2020,219972450100,469620800,32324,32--,2020
44,ARTA,-43.11,242,02 Jan 2020,30 Dec 2020,137121800,425000,657,94--,2020
45,ARTI,0,242,02 Jan 2020,30 Dec 2020,75895000,1517900,388,22--,2020
46,ARTO,38.71,242,02 Jan 2020,30 Dec 2020,398650231700,121307200,54356,81--,2020
47,ASBI,0.65,242,02 Jan 2020,30 Dec 2020,1233455400,3631000,1375,84--,2020
48,ASDM,-18.35,242,02 Jan 2020,30 Dec 2020,451694000,482700,766,84--,2020
49,ASGR,-15.79,242,02 Jan 2020,30 Dec 2020,114424607500,152657100,30981,97--,2020
50,ASII,-13,242,02 Jan 2020,30 Dec 2020,60202114020000,11992385600,2211678,42--,2020
51,ASJT,68.07,242,02 Jan 2020,30 Dec 2020,10844473800,74807800,13292,84--,2020
52,ASMI,-22.96,242,02 Jan 2020,30 Dec 2020,38421834000,32953400,6369,84--,2020
53,ASRI,1.68,242,02 Jan 2020,30 Dec 2020,5081760392100,28407317400,912921,61--,2020
54,ASRM,-16.42,242,02 Jan 2020,30 Dec 2020,1230685500,658300,813,84--,2020
55,ASSA,-14.19,242,02 Jan 2020,30 Dec 2020,1275325162400,2514839000,182468,74--,2020
56,ATIC,-10.16,242,02 Jan 2020,30 Dec 2020,279645500,445100,872,97--,2020
57,AUTO,-10.08,242,02 Jan 2020,30 Dec 2020,339206409500,352437700,94827,42--,2020
58,BABP,0,242,02 Jan 2020,30 Dec 2020,79699466200,1426054800,33071,81--,2020
59,BACA,25.33,242,02 Jan 2020,30 Dec 2020,105189312900,293568300,21685,81--,2020
60,BAJA,87.1,242,02 Jan 2020,30 Dec 2020,100513076300,994370800,98608,33--,2020
61,BALI,-26.61,242,02 Jan 2020,30 Dec 2020,11735778000,14411200,3426,75--,2020
62,BAPA,-29.58,242,02 Jan 2020,30 Dec 2020,25183542500,411920400,1297,61--,2020
63,BAPI,0,242,02 Jan 2020,30 Dec 2020,655365000,13107300,1909,61--,2020
64,BATA,-3.79,242,02 Jan 2020,30 Dec 2020,1902511500,3148400,1985,44--,2020
65,BAYU,-5.51,242,02 Jan 2020,30 Dec 2020,1832313000,1741200,1218,94--,2020
66,BBCA,1.27,242,02 Jan 2020,30 Dec 2020,153065239970000,5200315000,3681261,81--,2020
67,BBHI,239.2,242,02 Jan 2020,30 Dec 2020,104305638900,340932900,47281,81--,2020
68,BBKP,156.7,242,02 Jan 2020,30 Dec 2020,13548855358700,43503775000,1470403,81--,2020
69,BBLD,-8.91,242,02 Jan 2020,30 Dec 2020,4025034400,10829600,763,82--,2020
70,BBMD,-46.43,242,02 Jan 2020,30 Dec 2020,77111451000,70389900,3117,81--,2020
71,BBNI,-21.34,242,02 Jan 2020,30 Dec 2020,67947392944000,13713645000,2982344,81--,2020
72,BBRI,-5.23,242,02 Jan 2020,30 Dec 2020,162841445172000,48726190200,6053244,81--,2020
73,BBRM,0,242,02 Jan 2020,30 Dec 2020,68818400,1373200,89,74--,2020
74,BBTN,-18.63,242,02 Jan 2020,30 Dec 2020,21555249619000,16980761200,1585487,81--,2020
75,BBYB,4.93,242,02 Jan 2020,30 Dec 2020,12175683800,42056900,6805,81--,2020
76,BCAP,-10,242,02 Jan 2020,30 Dec 2020,95160237600,636873400,429030,89--,2020
77,BCIC,55.56,242,02 Jan 2020,30 Dec 2020,238000,400,3,81--,2020
78,BCIP,17.19,242,02 Jan 2020,30 Dec 2020,58728826600,862131800,33575,61--,2020
79,BDMN,-20.51,242,02 Jan 2020,30 Dec 2020,2155200239000,784848100,263895,81--,2020
80,BEEF,-60.4,242,02 Jan 2020,30 Dec 2020,277152467000,1436271400,152649,13--,2020
81,BEKS,96,242,02 Jan 2020,30 Dec 2020,261005607600,1998671700,58005,81--,2020
82,BELL,-69.42,242,02 Jan 2020,30 Dec 2020,108873115000,569428200,47381,43--,2020
83,BEST,-16.67,242,02 Jan 2020,30 Dec 2020,5072220758300,29677506900,906027,61--,2020
84,BFIN,0,242,02 Jan 2020,30 Dec 2020,2344747389100,5635138000,280968,82--,2020
85,BGTG,12.12,242,02 Jan 2020,30 Dec 2020,184718232900,2676347600,92952,81--,2020
86,BHIT,3.12,242,02 Jan 2020,30 Dec 2020,445174490400,6487773200,552628,98--,2020
87,BIKA,-5.1,242,02 Jan 2020,30 Dec 2020,460524400,2515100,2112,61--,2020
88,BIMA,0,242,02 Jan 2020,30 Dec 2020,330286500,6395600,1431,44--,2020
89,BINA,-19.77,242,02 Jan 2020,30 Dec 2020,179410515500,229719500,11012,81--,2020
90,BIPI,0,242,02 Jan 2020,30 Dec 2020,145319448600,2810829400,46472,22--,2020
91,BIPP,0,242,02 Jan 2020,30 Dec 2020,4995124900,93933500,7593,61--,2020
92,BIRD,-47.79,242,02 Jan 2020,30 Dec 2020,994987147000,758578000,158108,74--,2020
93,BISI,-1.9,242,02 Jan 2020,30 Dec 2020,82716660500,92299200,26861,11--,2020
94,BJBR,30.8,242,02 Jan 2020,30 Dec 2020,4152758174000,3776716200,598826,81--,2020
95,BJTM,-0.73,242,02 Jan 2020,30 Dec 2020,2673792984600,4510851200,633146,81--,2020
96,BKDP,-16.39,242,02 Jan 2020,30 Dec 2020,677675000,13057700,2516,61--,2020
97,BKSL,-41.18,242,02 Jan 2020,30 Dec 2020,1052506044600,18909081300,209304,61--,2020
98,BKSW,-41.11,242,02 Jan 2020,30 Dec 2020,4228408600,42562700,8724,81--,2020
99,BLTA,0,242,02 Jan 2020,30 Dec 2020,144920000,2898400,438,74--,2020
100,BLTZ,-0.33,242,02 Jan 2020,30 Dec 2020,130898000,35900,103,95--,2020
101,BLUE,33.33,242,02 Jan 2020,30 Dec 2020,17727589800,31567400,27548,91--,2020
102,BMAS,20.11,242,02 Jan 2020,30 Dec 2020,2037651100,6523400,3851,81--,2020
103,BMRI,-17.59,242,02 Jan 2020,30 Dec 2020,87845832198500,15536657500,2471317,81--,2020
104,BMSR,-23.81,242,02 Jan 2020,30 Dec 2020,11039207500,142969000,13207,91--,2020
105,BMTR,-16.67,242,02 Jan 2020,30 Dec 2020,5943281926900,22745584500,987417,98--,2020
106,BNBA,17.39,242,02 Jan 2020,30 Dec 2020,14461762400,44273500,7119,81--,2020
107,BNBR,0,242,02 Jan 2020,30 Dec 2020,2808915000,56178300,3610,98--,2020
108,BNGA,3.11,242,02 Jan 2020,30 Dec 2020,1519087718500,1767540300,226425,81--,2020
109,BNII,67.96,242,02 Jan 2020,30 Dec 2020,690365819600,2466350800,186309,81--,2020
110,BNLI,138.74,242,02 Jan 2020,30 Dec 2020,4598717260000,3395810700,238389,81--,2020
111,BOGA,3.76,242,02 Jan 2020,30 Dec 2020,18581621968500,13250466700,548416,91--,2020
112,BOLA,-50.3,242,02 Jan 2020,30 Dec 2020,9713910800,55585300,9372,99--,2020
113,BOLT,-5.95,242,02 Jan 2020,30 Dec 2020,6065148900,7294900,5317,42--,2020
114,BORN,0,12,02 Jan 2020,17 Jan 2020,0,0,0,,2020
115,BOSS,-12.79,242,02 Jan 2020,30 Dec 2020,465008971000,3770975700,311363,21--,2020
116,BPFI,-12.21,242,02 Jan 2020,30 Dec 2020,4473104500,3725900,63,82--,2020
117,BPII,0,242,02 Jan 2020,30 Dec 2020,79000000,7900,5,89--,2020
118,BPTR,-8.99,242,02 Jan 2020,30 Dec 2020,775895800,9534400,4534,74--,2020
119,BRAM,-51.85,242,02 Jan 2020,30 Dec 2020,1056872000,215100,590,42--,2020
120,BRIS,581.82,242,02 Jan 2020,30 Dec 2020,32590872172500,33799794700,3262144,81--,2020
121,BRMS,59.62,242,02 Jan 2020,30 Dec 2020,1738371557200,26416386600,216135,23--,2020
122,BRNA,16.5,242,02 Jan 2020,30 Dec 2020,1460068000,1387600,485,35--,2020
123,BRPT,-27.15,242,02 Jan 2020,30 Dec 2020,19625244687300,19297819100,1696524,34--,2020
124,BSDE,-2.39,242,02 Jan 2020,30 Dec 2020,9074875354000,10874723200,843794,61--,2020
125,BSIM,-13.68,242,02 Jan 2020,30 Dec 2020,7162068000,15257100,4165,81--,2020
126,BSSR,-6.87,242,02 Jan 2020,30 Dec 2020,8181069500,5631000,5748,21--,2020
127,BSWD,0,242,02 Jan 2020,30 Dec 2020,0,0,0,81--,2020
128,BTEK,0,242,02 Jan 2020,30 Dec 2020,503610000,10072200,974,51--,2020
129,BTEL,0,242,02 Jan 2020,30 Dec 2020,0,0,0,73--,2020
130,BTON,42.86,242,02 Jan 2020,30 Dec 2020,8459989400,38489200,7122,33--,2020
131,BTPN,-4.31,242,02 Jan 2020,30 Dec 2020,63885119500,27547800,21201,81--,2020
132,BTPS,-11.76,242,02 Jan 2020,30 Dec 2020,11623249486000,3867323400,1309071,81--,2020
133,BUDI,-3.88,242,02 Jan 2020,30 Dec 2020,26253268500,270492100,26308,51--,2020
134,BUKK,-21.07,242,02 Jan 2020,30 Dec 2020,7380181000,8754200,6388,75--,2020
135,BULL,116.05,242,02 Jan 2020,30 Dec 2020,9629563402300,34119634700,791908,74--,2020
136,BUMI,9.09,242,02 Jan 2020,30 Dec 2020,3643096030700,56277169200,501822,21--,2020
137,BUVA,-25.68,242,02 Jan 2020,30 Dec 2020,2742732300,42198400,5438,94--,2020
138,BVIC,35.71,242,02 Jan 2020,30 Dec 2020,58187184700,605660600,65354,81--,2020
139,BWPT,-8.28,242,02 Jan 2020,30 Dec 2020,2568017713600,21701980800,674617,12--,2020
140,BYAN,-2.67,242,02 Jan 2020,30 Dec 2020,7351515000,533400,1258,21--,2020
141,CAKK,-25.71,242,02 Jan 2020,30 Dec 2020,36829408900,622740800,42669,32--,2020
142,CAMP,-19.25,242,02 Jan 2020,30 Dec 2020,147622230800,531636200,88885,51--,2020
143,CANI,-30.86,242,02 Jan 2020,30 Dec 2020,88581700,673200,882,74--,2020
144,CARS,-73.12,242,02 Jan 2020,30 Dec 2020,99176875300,1664319800,31038,91--,2020
145,CASA,-10.05,242,02 Jan 2020,30 Dec 2020,255251458800,652679700,27618,89--,2020
146,CASS,-56.45,242,02 Jan 2020,30 Dec 2020,319024308500,1448221300,149190,72--,2020
147,CCSI,-6.2,242,02 Jan 2020,30 Dec 2020,58356024700,233290800,33951,45--,2020
148,CEKA,6.89,242,02 Jan 2020,30 Dec 2020,51718121500,29400100,17831,51--,2020
149,CENT,94.52,242,02 Jan 2020,30 Dec 2020,292107986200,2522236400,107651,75--,2020
150,CFIN,-19.31,242,02 Jan 2020,30 Dec 2020,136348874400,673865000,41529,82--,2020
151,CINT,-20.53,242,02 Jan 2020,30 Dec 2020,2659309000,10026600,2385,55--,2020
152,CITA,70.29,242,02 Jan 2020,30 Dec 2020,5592646000,2793700,1916,23--,2020
153,CITY,-24.35,242,02 Jan 2020,30 Dec 2020,766899400,10652700,3612,61--,2020
154,CKRA,0,159,02 Jan 2020,27 Agt 2020,0,0,0,23--,2020
155,CLAY,-62.5,242,02 Jan 2020,30 Dec 2020,107291525000,38431700,13030,94--,2020
156,CLEO,-0.99,242,02 Jan 2020,30 Dec 2020,1143318167600,2342354500,285802,51--,2020
157,CLPI,-1.95,242,02 Jan 2020,30 Dec 2020,18592922200,25963000,11778,91--,2020
158,CMNP,-16.98,242,02 Jan 2020,30 Dec 2020,129894325500,114999400,28386,72--,2020
159,CMPP,0,242,02 Jan 2020,30 Dec 2020,0,0,0,74--,2020
160,CNKO,0,242,02 Jan 2020,30 Dec 2020,72035000,1440700,646,91--,2020
161,CNTB,0,242,02 Jan 2020,30 Dec 2020,0,0,0,43--,2020
162,CNTX,-35.5,242,02 Jan 2020,30 Dec 2020,1069544200,4296000,1004,43--,2020
163,COCO,-23.08,242,02 Jan 2020,30 Dec 2020,7047231000,8603400,3002,51--,2020
164,COWL,0,242,02 Jan 2020,30 Dec 2020,3352713800,64162000,2897,61--,2020
165,CPIN,0.38,242,02 Jan 2020,30 Dec 2020,12257885203500,2129525300,1019262,36--,2020
166,CPRI,0,242,02 Jan 2020,30 Dec 2020,433265000,8665300,1010,61--,2020
167,CPRO,0,242,02 Jan 2020,30 Dec 2020,2616640000,52332800,30599,36--,2020
168,CSAP,-14.22,242,02 Jan 2020,30 Dec 2020,33055255200,90921300,2533,93--,2020
169,CSIS,-24.42,242,02 Jan 2020,30 Dec 2020,21303215900,335510400,41831,62--,2020
170,CTBN,2.22,242,02 Jan 2020,30 Dec 2020,105637000,34400,148,33--,2020
171,CTRA,-5.29,242,02 Jan 2020,30 Dec 2020,7136774755600,9799330700,796061,61--,2020
172,CTTH,-21.43,242,02 Jan 2020,30 Dec 2020,3676855100,65935700,6116,24--,2020
173,DART,-28.21,242,02 Jan 2020,30 Dec 2020,435026400,1878500,1046,61--,2020
174,DAYA,30,242,02 Jan 2020,30 Dec 2020,313714000,721300,745,93--,2020
175,DEAL,-21.11,242,02 Jan 2020,30 Dec 2020,1555560708100,9441996300,687450,74--,2020
176,DEFI,-14.68,242,02 Jan 2020,30 Dec 2020,5881442500,3301100,3735,82--,2020
177,DEWA,0,242,02 Jan 2020,30 Dec 2020,3861660000,77233200,2248,21--,2020
178,DFAM,-48.5,242,02 Jan 2020,30 Dec 2020,72741502000,174975900,21066,94--,2020
179,DGIK,0,242,02 Jan 2020,30 Dec 2020,87005000,1740100,448,62--,2020
180,DIGI,-75.83,242,02 Jan 2020,30 Dec 2020,435436500,519900,470,97--,2020
181,DILD,-15.38,242,02 Jan 2020,30 Dec 2020,868842621500,4148815200,213326,61--,2020
182,DIVA,-35.04,242,02 Jan 2020,30 Dec 2020,141601662000,104339300,25638,93--,2020
183,DKFT,25.35,242,02 Jan 2020,30 Dec 2020,1347296096700,7555045900,417260,23--,2020
184,DLTA,-35.29,242,02 Jan 2020,30 Dec 2020,56616618000,12537200,12893,51--,2020
185,DMAS,-16.89,242,02 Jan 2020,30 Dec 2020,4282067072200,20004775400,801487,61--,2020
186,DMMX,-4.07,242,02 Jan 2020,30 Dec 2020,562218259400,3962565600,241911,95--,2020
187,DNAR,-26.69,242,02 Jan 2020,30 Dec 2020,15483383200,72847500,5441,81--,2020
188,DNET,14.01,242,02 Jan 2020,30 Dec 2020,20326587000,6014400,2354,97--,2020
189,DOID,25.71,242,02 Jan 2020,30 Dec 2020,5765756909400,19543368300,929771,21--,2020
190,DPNS,7.87,242,02 Jan 2020,30 Dec 2020,455765700,1840600,786,34--,2020
191,DPUM,-53.15,242,02 Jan 2020,30 Dec 2020,17287088500,237800800,22573,91--,2020
192,DSFI,-18,242,02 Jan 2020,30 Dec 2020,20926386700,289987900,27783,14--,2020
193,DSNG,32.61,242,02 Jan 2020,30 Dec 2020,702357696000,1408414900,119264,12--,2020
194,DSSA,15.32,242,02 Jan 2020,30 Dec 2020,2793902500,159900,623,21--,2020
195,DUCK,-68.52,242,02 Jan 2020,30 Dec 2020,1132019005500,2982392600,306917,94--,2020
196,DUTI,-24,242,02 Jan 2020,30 Dec 2020,9492527500,1840300,3179,61--,2020
197,DVLA,7.56,242,02 Jan 2020,30 Dec 2020,19957255000,8427500,8685,53--,2020
198,DWGL,-57.73,242,02 Jan 2020,30 Dec 2020,77795664700,327569500,6354,91--,2020
199,DYAN,-53.39,242,02 Jan 2020,30 Dec 2020,60591988000,989715800,41584,99--,2020
200,EAST,-34.78,242,02 Jan 2020,30 Dec 2020,48031558300,710944600,66220,94--,2020
201,ECII,-35.15,242,02 Jan 2020,30 Dec 2020,3369127500,4890800,1233,93--,2020
202,EKAD,17.76,242,02 Jan 2020,30 Dec 2020,90351801000,77385800,55963,34--,2020
203,ELSA,15.03,242,02 Jan 2020,30 Dec 2020,4758313962100,17660408000,826451,22--,2020
204,ELTY,0,242,02 Jan 2020,30 Dec 2020,115040000,2300800,427,61--,2020
205,EMDE,-14.29,242,02 Jan 2020,30 Dec 2020,1411624800,7068200,606,61--,2020
206,EMTK,151.12,242,02 Jan 2020,30 Dec 2020,156545326000,22119200,5287,95--,2020
207,ENRG,158,242,02 Jan 2020,30 Dec 2020,1275442576000,15047873000,267375,22--,2020
208,ENVY,-94.44,242,02 Jan 2020,30 Dec 2020,3691695176600,40227552500,694091,97--,2020
209,EPMT,2.93,242,02 Jan 2020,30 Dec 2020,16463589500,8532700,3808,91--,2020
210,ERAA,22.56,242,02 Jan 2020,30 Dec 2020,8551107831500,5491646100,1045728,93--,2020
211,ERTX,-14.29,242,02 Jan 2020,30 Dec 2020,1059872600,8311100,2064,43--,2020
212,ESIP,-65.67,242,02 Jan 2020,30 Dec 2020,297146499400,2030880000,214645,35--,2020
213,ESSA,-21.64,242,02 Jan 2020,30 Dec 2020,456385476900,2293723900,131084,34--,2020
214,ESTI,-13.33,242,02 Jan 2020,30 Dec 2020,9505633000,148097500,15476,43--,2020
215,ETWA,-3.12,242,02 Jan 2020,30 Dec 2020,2067149700,31385700,4183,34--,2020
216,EXCL,-13.33,242,02 Jan 2020,30 Dec 2020,16355253467000,6638290600,1312739,73--,2020
217,FAST,-57.25,242,02 Jan 2020,30 Dec 2020,25896430500,25426500,15066,94--,2020
218,FASW,-2.92,242,02 Jan 2020,30 Dec 2020,1024940000,144000,274,38--,2020
219,FILM,6.15,242,02 Jan 2020,30 Dec 2020,462084791000,2191140700,269088,95--,2020
220,FINN,0,242,02 Jan 2020,30 Dec 2020,0,0,0,82--,2020
221,FIRE,304.91,242,02 Jan 2020,30 Dec 2020,1495870345000,5035853800,629782,21--,2020
222,FISH,-31.05,242,02 Jan 2020,30 Dec 2020,564599000,199700,513,91--,2020
223,FITT,13.33,242,02 Jan 2020,30 Dec 2020,5763990500,80613500,10521,94--,2020
224,FMII,42.55,242,02 Jan 2020,30 Dec 2020,26510400,42600,121,61--,2020
225,FOOD,-13.45,242,02 Jan 2020,30 Dec 2020,67225222300,563286900,51604,51--,2020
226,FORU,38.38,242,02 Jan 2020,30 Dec 2020,354760100,2854400,1766,95--,2020
227,FORZ,0,242,02 Jan 2020,30 Dec 2020,553115000,11062300,633,61--,2020
228,FPNI,204.2,242,02 Jan 2020,30 Dec 2020,392653361400,1998227900,151815,35--,2020
229,FREN,-51.45,242,02 Jan 2020,30 Dec 2020,9977333405100,117961484300,2020124,73--,2020
230,FUJI,4.55,242,02 Jan 2020,30 Dec 2020,20952282900,199632400,3140,82--,2020
231,GAMA,0,242,02 Jan 2020,30 Dec 2020,3804541000,76084300,2099,61--,2020
232,GDST,77.42,242,02 Jan 2020,30 Dec 2020,315628059500,3212177200,204163,33--,2020
233,GDYR,-29,242,02 Jan 2020,30 Dec 2020,2866807500,1949500,725,42--,2020
234,GEMA,2.37,242,02 Jan 2020,30 Dec 2020,2190778800,6356000,1095,99--,2020
235,GEMS,0,242,02 Jan 2020,30 Dec 2020,0,0,0,21--,2020
236,GGRM,-22.64,242,02 Jan 2020,30 Dec 2020,19182477625000,415051800,941528,52--,2020
237,GGRP,12.31,242,02 Jan 2020,30 Dec 2020,2194433900,5832500,3872,33--,2020
238,GHON,6.97,242,02 Jan 2020,30 Dec 2020,19751518500,14735000,1233,75--,2020
239,GIAA,-19.28,242,02 Jan 2020,30 Dec 2020,5986188459100,17693841200,1171180,74--,2020
240,GJTL,11.97,242,02 Jan 2020,30 Dec 2020,810555172300,1617715100,204911,42--,2020
241,GLOB,-71.47,242,02 Jan 2020,30 Dec 2020,731309600,4355800,2764,93--,2020
242,GLVA,22.52,242,02 Jan 2020,30 Dec 2020,69529382500,220348400,15969,97--,2020
243,GMFI,-11.05,242,02 Jan 2020,30 Dec 2020,1048032051400,8295680200,315029,41--,2020
244,GMTD,12.19,242,02 Jan 2020,30 Dec 2020,769122500,44400,179,61--,2020
245,GOLD,3.6,242,02 Jan 2020,30 Dec 2020,2628769800,13052300,2697,75--,2020
246,GOLL,0,242,02 Jan 2020,30 Dec 2020,0,0,0,12--,2020
247,GOOD,-15.89,242,02 Jan 2020,30 Dec 2020,78410236500,60943400,32386,51--,2020
248,GPRA,-1.32,242,02 Jan 2020,30 Dec 2020,59056186700,997778800,31970,61--,2020
249,GREN,0,217,02 Jan 2020,20 Nov 2020,0,0,0,91--,2020
250,GSMF,-5,242,02 Jan 2020,30 Dec 2020,86041000,895300,828,89--,2020
251,GTBO,-51.61,242,02 Jan 2020,30 Dec 2020,1206819100,14592300,1836,21--,2020
252,GWSA,-12.34,242,02 Jan 2020,30 Dec 2020,10169719300,99290900,12263,61--,2020
253,GZCO,0,242,02 Jan 2020,30 Dec 2020,7966820400,158654200,5706,12--,2020
254,HADE,0,242,02 Jan 2020,30 Dec 2020,21205000,424100,129,91--,2020
255,HDFA,-3.08,242,02 Jan 2020,30 Dec 2020,405311600,2814500,539,82--,2020
256,HDIT,-54.55,242,02 Jan 2020,30 Dec 2020,10809586400,38160100,2087,91--,2020
257,HDTX,0,242,02 Jan 2020,30 Dec 2020,0,0,0,43--,2020
258,HEAL,-1.4,242,02 Jan 2020,30 Dec 2020,457768386500,146726200,50167,96--,2020
259,HELI,2.86,242,02 Jan 2020,30 Dec 2020,6688017800,31933500,2927,74--,2020
260,HERO,-6.74,242,02 Jan 2020,30 Dec 2020,14496631000,16994200,4260,93--,2020
261,HEXA,-5.19,242,02 Jan 2020,30 Dec 2020,305114578500,98706500,52819,91--,2020
262,HITS,-32.97,242,02 Jan 2020,30 Dec 2020,1590334400,2744300,1225,74--,2020
263,HKMU,-57.36,242,02 Jan 2020,30 Dec 2020,1036233249900,11058451300,369220,91--,2020
264,HMSP,-28.33,242,02 Jan 2020,30 Dec 2020,26943556422500,16311844300,1888354,52--,2020
265,HOKI,6.91,242,02 Jan 2020,30 Dec 2020,4282276650500,5229933600,314280,51--,2020
266,HOME,0,242,02 Jan 2020,30 Dec 2020,164940000,3298800,254,94--,2020
267,HOTL,-67.95,242,02 Jan 2020,30 Dec 2020,190289885500,1789479400,7330,94--,2020
268,HRME,-93.95,242,02 Jan 2020,30 Dec 2020,2646107734600,6303938600,195857,94--,2020
269,HRTA,22,242,02 Jan 2020,30 Dec 2020,237015040900,928006800,91291,59--,2020
270,HRUM,125.76,242,02 Jan 2020,30 Dec 2020,1612058957000,730954400,204872,21--,2020
271,IATA,0,242,02 Jan 2020,30 Dec 2020,486565000,9731300,3292,74--,2020
272,IBFN,11.57,242,02 Jan 2020,30 Dec 2020,2220922600,6470500,1264,82--,2020
273,IBST,11.11,242,02 Jan 2020,30 Dec 2020,983747500,115800,110,75--,2020
274,ICBP,-14.13,242,02 Jan 2020,30 Dec 2020,22911076335000,2376567500,1425628,51--,2020
275,ICON,8.82,242,02 Jan 2020,30 Dec 2020,10151092300,130254300,9229,94--,2020
276,IDPR,-41.85,242,02 Jan 2020,30 Dec 2020,19293051100,132246100,9873,62--,2020
277,IFII,-29.52,242,02 Jan 2020,30 Dec 2020,82423289200,448020500,60086,37--,2020
278,IFSH,-32.88,242,02 Jan 2020,30 Dec 2020,1658412100,4304200,2023,23--,2020
279,IGAR,4.12,242,02 Jan 2020,30 Dec 2020,11364661000,39048900,7744,35--,2020
280,IIKP,0,242,02 Jan 2020,30 Dec 2020,1900000,38000,51,51--,2020
281,IKAI,-31.51,242,02 Jan 2020,30 Dec 2020,77143826300,1338053500,47274,94--,2020
282,IKBI,-10,242,02 Jan 2020,30 Dec 2020,1385459800,6196500,2088,45--,2020
283,IMAS,31.17,242,02 Jan 2020,30 Dec 2020,3513096855400,3548401600,484761,42--,2020
284,IMJS,40.41,242,02 Jan 2020,30 Dec 2020,1030213478200,3187345700,200194,82--,2020
285,IMPC,26.19,242,02 Jan 2020,30 Dec 2020,198594647000,161359100,16040,35--,2020
286,INAF,363.22,242,02 Jan 2020,30 Dec 2020,4301017357100,2172106800,734899,53--,2020
287,INAI,-24.09,242,02 Jan 2020,30 Dec 2020,2198681600,6221100,2854,33--,2020
288,INCF,52,242,02 Jan 2020,30 Dec 2020,19946830300,327860100,23126,39--,2020
289,INCI,116.51,242,02 Jan 2020,30 Dec 2020,25175812800,36860300,18129,34--,2020
290,INCO,40.11,242,02 Jan 2020,30 Dec 2020,12960478676500,3599195300,936547,23--,2020
291,INDF,-13.56,242,02 Jan 2020,30 Dec 2020,19294357280000,2828363500,1255258,51--,2020
292,INDR,25.51,242,02 Jan 2020,30 Dec 2020,18862718500,8603300,5402,43--,2020
293,INDS,-13.04,242,02 Jan 2020,30 Dec 2020,11328722000,5504000,3498,42--,2020
294,INDX,7.84,242,02 Jan 2020,30 Dec 2020,660689500,12848700,2481,99--,2020
295,INDY,44.77,242,02 Jan 2020,30 Dec 2020,5733875317700,4851058300,735872,21--,2020
296,INKP,35.39,242,02 Jan 2020,30 Dec 2020,16195067942500,2068648700,1076595,38--,2020
297,INOV,-56.61,242,02 Jan 2020,30 Dec 2020,33614538400,120473000,12533,39--,2020
298,INPC,13.11,242,02 Jan 2020,30 Dec 2020,10769563500,180251500,20981,81--,2020
299,INPP,-13.1,242,02 Jan 2020,30 Dec 2020,9935551500,13651500,3256,61--,2020
300,INPS,-3.7,242,02 Jan 2020,30 Dec 2020,310173028000,120640600,33315,91--,2020
301,INRU,35.44,242,02 Jan 2020,30 Dec 2020,1554785500,1846600,424,38--,2020
302,INTA,-61.85,242,02 Jan 2020,30 Dec 2020,29093470700,76487300,3899,91--,2020
303,INTD,-70.29,242,02 Jan 2020,30 Dec 2020,785363300,4818100,1851,91--,2020
304,INTP,-23.92,242,02 Jan 2020,30 Dec 2020,10688940870000,830908200,777667,31--,2020
305,IPCC,-22.06,242,02 Jan 2020,30 Dec 2020,494683901200,1184141000,187829,72--,2020
306,IPCM,103.43,242,02 Jan 2020,30 Dec 2020,14014802400,59792000,16748,74--,2020
307,IPOL,72.04,242,02 Jan 2020,30 Dec 2020,42697911300,358195100,30170,35--,2020
308,IPTV,-35.05,242,02 Jan 2020,30 Dec 2020,1340357129500,3891341100,1264445,95--,2020
309,IRRA,146.15,242,02 Jan 2020,30 Dec 2020,3693623031300,3885347700,646624,91--,2020
310,ISAT,73.54,242,02 Jan 2020,30 Dec 2020,6947116471000,2348682400,804793,73--,2020
311,ISSP,-13.04,242,02 Jan 2020,30 Dec 2020,511535941200,3366928000,217365,33--,2020
312,ITIC,-75,242,02 Jan 2020,30 Dec 2020,2437406458500,1315566000,390873,52--,2020
313,ITMA,-2.78,242,02 Jan 2020,30 Dec 2020,239298215700,686776700,11486,99--,2020
314,ITMG,20.7,242,02 Jan 2020,30 Dec 2020,8749524215000,879117000,803925,21--,2020
315,ITTG,0,15,02 Jan 2020,22 Jan 2020,0,0,0,,2020
316,JAST,-82.32,242,02 Jan 2020,30 Dec 2020,1803219236900,10190791600,558234,73--,2020
317,JAWA,6.52,242,02 Jan 2020,30 Dec 2020,2289408500,27666700,6086,12--,2020
318,JAYA,54.22,242,02 Jan 2020,30 Dec 2020,91093609700,746626500,127041,74--,2020
319,JECC,-9.31,242,02 Jan 2020,30 Dec 2020,2190531000,359000,198,45--,2020
320,JGLE,0,242,02 Jan 2020,30 Dec 2020,12270000,245400,46,94--,2020
321,JIHD,-18.91,242,02 Jan 2020,30 Dec 2020,12358004700,22832600,922,94--,2020
322,JKON,-20,242,02 Jan 2020,30 Dec 2020,8862014500,24765000,1367,62--,2020
323,JKSW,0,242,02 Jan 2020,30 Dec 2020,0,0,0,33--,2020
324,JMAS,-77.27,242,02 Jan 2020,30 Dec 2020,4210105600,20066500,6826,84--,2020
325,JPFA,-4.56,242,02 Jan 2020,30 Dec 2020,8129573021500,6860130400,985770,36--,2020
326,JRPT,0,242,02 Jan 2020,30 Dec 2020,446707202300,929593300,86916,61--,2020
327,JSKY,9.52,242,02 Jan 2020,30 Dec 2020,2296591185200,11864871500,755101,46--,2020
328,JSMR,-10.53,242,02 Jan 2020,30 Dec 2020,11255402071000,2928188700,920657,72--,2020
329,JSPT,-17.07,242,02 Jan 2020,30 Dec 2020,403210000,431000,401,94--,2020
330,JTPE,3.06,242,02 Jan 2020,30 Dec 2020,141427090500,163242500,8584,95--,2020
331,KAEF,240,242,02 Jan 2020,30 Dec 2020,14163649495000,5464267700,1526959,53--,2020
332,KARW,17.19,242,02 Jan 2020,30 Dec 2020,24574970400,353146900,28680,72--,2020
333,KAYU,13.24,242,02 Jan 2020,30 Dec 2020,136094399400,1792060500,126488,91--,2020
334,KBLI,-26.86,242,02 Jan 2020,30 Dec 2020,393229394500,998274400,104841,45--,2020
335,KBLM,-28.95,242,02 Jan 2020,30 Dec 2020,21246017800,92118500,20215,45--,2020
336,KBLV,49.64,242,02 Jan 2020,30 Dec 2020,3680524500,10375000,1859,95--,2020
337,KBRI,0,242,02 Jan 2020,30 Dec 2020,0,0,0,38--,2020
338,KDSI,-29.49,242,02 Jan 2020,30 Dec 2020,6665903000,7779400,2947,38--,2020
339,KEEN,-27.27,242,02 Jan 2020,30 Dec 2020,195655307500,564507900,36445,71--,2020
340,KEJU,44.15,242,02 Jan 2020,30 Dec 2020,69885625500,61443700,24184,51--,2020
341,KIAS,-21.88,242,02 Jan 2020,30 Dec 2020,13554627200,214622600,5101,32--,2020
342,KICI,4.95,242,02 Jan 2020,30 Dec 2020,314047100,1393300,1013,55--,2020
343,KIJA,-26.71,242,02 Jan 2020,30 Dec 2020,820408167100,3963053500,220621,61--,2020
344,KINO,-20.7,242,02 Jan 2020,30 Dec 2020,737677493000,258525100,68580,54--,2020
345,KIOS,-52.26,242,02 Jan 2020,30 Dec 2020,529261200,2825600,2010,93--,2020
346,KJEN,-44.42,242,02 Jan 2020,30 Dec 2020,16054896500,8132400,4796,74--,2020
347,KKGI,12.71,242,02 Jan 2020,30 Dec 2020,10458871800,44810500,6270,21--,2020
348,KLBF,-8.64,242,02 Jan 2020,30 Dec 2020,14969563865000,10458713700,1469950,53--,2020
349,KMTR,5.7,242,02 Jan 2020,30 Dec 2020,2762816600,9315000,3132,39--,2020
350,KOBX,-0.84,242,02 Jan 2020,30 Dec 2020,33966372600,315052300,54293,91--,2020
351,KOIN,-8.18,242,02 Jan 2020,30 Dec 2020,1372819100,12468900,772,93--,2020
352,KONI,-24.44,242,02 Jan 2020,30 Dec 2020,115568100,223300,321,91--,2020
353,KOPI,-18.55,242,02 Jan 2020,30 Dec 2020,3457120500,6522800,2815,71--,2020
354,KOTA,-59.52,242,02 Jan 2020,30 Dec 2020,1268369348600,2094666000,74640,61--,2020
355,KPAL,-63.77,242,02 Jan 2020,30 Dec 2020,92172513600,1202103500,107040,41--,2020
356,KPAS,4.62,242,02 Jan 2020,30 Dec 2020,101976612700,1276034200,92356,54--,2020
357,KPIG,-22.06,242,02 Jan 2020,30 Dec 2020,157400022600,1365096300,365305,94--,2020
358,KRAH,-73.58,242,02 Jan 2020,30 Dec 2020,6556807600,4470100,2203,41--,2020
359,KRAS,40.79,242,02 Jan 2020,30 Dec 2020,5225788354300,14120071100,877108,33--,2020
360,KREN,-83.2,242,02 Jan 2020,30 Dec 2020,1956369495600,11120828400,553100,98--,2020
361,LAND,-82.13,242,02 Jan 2020,30 Dec 2020,10874667000,34613900,9288,61--,2020
362,LAPD,0,242,02 Jan 2020,30 Dec 2020,1640000,32800,18,71--,2020
363,LCGP,0,242,02 Jan 2020,30 Dec 2020,0,0,0,61--,2020
364,LCKM,39.69,242,02 Jan 2020,30 Dec 2020,1618694800,4753400,1115,75--,2020
365,LEAD,0,242,02 Jan 2020,30 Dec 2020,24739983900,470474900,10437,74--,2020
366,LIFE,-21.48,242,02 Jan 2020,30 Dec 2020,17265557500,2728600,950,84--,2020
367,LINK,-39.14,242,02 Jan 2020,30 Dec 2020,2278385289500,938995800,334840,95--,2020
368,LION,-26.07,242,02 Jan 2020,30 Dec 2020,2450631600,9028000,2537,33--,2020
369,LMAS,-66.67,242,02 Jan 2020,30 Dec 2020,147124338800,1337473300,129545,97--,2020
370,LMPI,-4.49,242,02 Jan 2020,30 Dec 2020,4859614100,50867900,11591,55--,2020
371,LMSH,-11.76,242,02 Jan 2020,30 Dec 2020,227834200,741600,847,33--,2020
372,LPCK,39.9,242,02 Jan 2020,30 Dec 2020,488186173100,468413600,122784,61--,2020
373,LPGI,-5.83,242,02 Jan 2020,30 Dec 2020,13424690000,3669200,2160,84--,2020
374,LPIN,-14.08,242,02 Jan 2020,30 Dec 2020,2117430100,9172500,2289,42--,2020
375,LPKR,-11.57,242,02 Jan 2020,30 Dec 2020,3237031683600,16583346400,537543,61--,2020
376,LPLI,-16.67,242,02 Jan 2020,30 Dec 2020,693879200,8980400,1755,95--,2020
377,LPPF,-69.71,242,02 Jan 2020,30 Dec 2020,8559646016000,5901876800,1097523,93--,2020
378,LPPS,10,242,02 Jan 2020,30 Dec 2020,2223767100,27569000,3007,89--,2020
379,LRNA,52.67,242,02 Jan 2020,30 Dec 2020,2378954300,14752800,3753,74--,2020
380,LSIP,-7.41,242,02 Jan 2020,30 Dec 2020,6632875403000,6767663500,672537,12--,2020
381,LTLS,-19.67,242,02 Jan 2020,30 Dec 2020,24260064300,54503500,12252,91--,2020
382,LUCK,-57.25,242,02 Jan 2020,30 Dec 2020,915088379500,1962413500,538450,97--,2020
383,MABA,0,242,02 Jan 2020,30 Dec 2020,30495000,609900,757,61--,2020
384,MAGP,0,242,02 Jan 2020,30 Dec 2020,196430000,3928600,179,12--,2020
385,MAIN,-26.37,242,02 Jan 2020,30 Dec 2020,1609930634600,2557243800,345303,36--,2020
386,MAMI,0,242,02 Jan 2020,30 Dec 2020,2531860000,50637200,2955,94--,2020
387,MAMIP,0,242,02 Jan 2020,30 Dec 2020,0,0,0,94--,2020
388,MAPA,-54.15,242,02 Jan 2020,30 Dec 2020,954714767500,410045000,101323,93--,2020
389,MAPB,-19.82,242,02 Jan 2020,30 Dec 2020,1786728500,1298000,1335,94--,2020
390,MAPI,-25.12,242,02 Jan 2020,30 Dec 2020,4060077684700,5648840500,590187,93--,2020
391,MARI,-52.63,242,02 Jan 2020,30 Dec 2020,173534710800,2706767900,74831,95--,2020
392,MARK,85.84,242,02 Jan 2020,30 Dec 2020,742397361700,1057893200,149407,32--,2020
393,MASA,116.3,242,02 Jan 2020,30 Dec 2020,14262995400,16979900,3014,42--,2020
394,MAYA,-15.93,242,02 Jan 2020,30 Dec 2020,623797500,80500,264,81--,2020
395,MBAP,35.86,242,02 Jan 2020,30 Dec 2020,145157640000,59894200,43147,21--,2020
396,MBSS,-2.07,242,02 Jan 2020,30 Dec 2020,176466105500,424136500,66615,74--,2020
397,MBTO,1.06,242,02 Jan 2020,30 Dec 2020,1695662700,21315100,3852,54--,2020
398,MCAS,38.54,242,02 Jan 2020,30 Dec 2020,815825110000,430038900,87547,93--,2020
399,MCOR,7.75,242,02 Jan 2020,30 Dec 2020,256218178900,1934911000,101520,81--,2020
400,MDIA,12,242,02 Jan 2020,30 Dec 2020,18496852800,352261300,10379,95--,2020
401,MDKA,127.1,242,02 Jan 2020,30 Dec 2020,36529574307000,23401838800,1823645,23--,2020
402,MDKI,16.58,242,02 Jan 2020,30 Dec 2020,44086423200,235389400,24034,34--,2020
403,MDLN,-76.17,242,02 Jan 2020,30 Dec 2020,783004601100,10816526000,218018,61--,2020
404,MDRN,0,242,02 Jan 2020,30 Dec 2020,32860000,657200,141,91--,2020
405,MEDC,-31.79,242,02 Jan 2020,30 Dec 2020,12148819288800,23652654700,1257503,22--,2020
406,MEGA,13.39,242,02 Jan 2020,30 Dec 2020,12431175000,2010200,1913,81--,2020
407,MERK,15.09,242,02 Jan 2020,30 Dec 2020,58319459500,18205900,22953,53--,2020
408,META,1.82,242,02 Jan 2020,30 Dec 2020,336123789700,1641801300,66804,72--,2020
409,MFIN,-23.85,242,02 Jan 2020,30 Dec 2020,20116291000,18290400,2935,82--,2020
410,MFMI,-1.3,242,02 Jan 2020,30 Dec 2020,7743530200,11451300,9088,99--,2020
411,MGNA,0,242,02 Jan 2020,30 Dec 2020,80000,1600,14,98--,2020
412,MGRO,-9.44,242,02 Jan 2020,30 Dec 2020,442209902000,584564700,65331,12--,2020
413,MICE,-13.87,242,02 Jan 2020,30 Dec 2020,3847868800,12477800,3684,91--,2020
414,MIDI,67.39,242,02 Jan 2020,30 Dec 2020,219412557500,124708500,481,93--,2020
415,MIKA,2.25,242,02 Jan 2020,30 Dec 2020,9678879223000,3916242100,510526,96--,2020
416,MINA,-90,242,02 Jan 2020,30 Dec 2020,22195023700,181515300,19864,94--,2020
417,MIRA,0,242,02 Jan 2020,30 Dec 2020,23600000,472000,220,74--,2020
418,MITI,149.02,242,02 Jan 2020,30 Dec 2020,0,0,0,22--,2020
419,MKNT,0,242,02 Jan 2020,30 Dec 2020,3985188200,79589500,71873,93--,2020
420,MKPI,72.84,242,02 Jan 2020,30 Dec 2020,1683880000,101900,487,61--,2020
421,MLBI,-37.42,242,02 Jan 2020,30 Dec 2020,144432642500,14189600,12841,51--,2020
422,MLIA,-20.71,242,02 Jan 2020,30 Dec 2020,783437441100,1523999800,69644,32--,2020
423,MLPL,-16.47,242,02 Jan 2020,30 Dec 2020,101035564300,1675526600,50097,98--,2020
424,MLPT,58.48,242,02 Jan 2020,30 Dec 2020,61351446300,83585300,42036,97--,2020
425,MMLP,50.51,242,02 Jan 2020,30 Dec 2020,431059137800,1907970200,89226,61--,2020
426,MNCN,-30.06,242,02 Jan 2020,30 Dec 2020,18631035971500,19180974000,2687540,95--,2020
427,MOLI,-8.6,242,02 Jan 2020,30 Dec 2020,4119950000,4171200,1412,34--,2020
428,MPMX,-25.71,242,02 Jan 2020,30 Dec 2020,1129883486700,2356865300,261816,91--,2020
429,MPOW,-35.45,242,02 Jan 2020,30 Dec 2020,11469193400,134723100,25857,71--,2020
430,MPPA,-25,242,02 Jan 2020,30 Dec 2020,109871012200,995642400,77107,93--,2020
431,MPRO,-24.35,242,02 Jan 2020,30 Dec 2020,378968500,336600,1022,61--,2020
432,MRAT,10.46,242,02 Jan 2020,30 Dec 2020,5956263500,41595600,9032,54--,2020
433,MREI,9.81,242,02 Jan 2020,30 Dec 2020,16740438000,3783600,528,84--,2020
434,MSIN,-55.25,242,02 Jan 2020,30 Dec 2020,131828520200,430416000,126574,95--,2020
435,MSKY,-45.17,242,02 Jan 2020,30 Dec 2020,12500622000,12161800,10778,95--,2020
436,MTDL,-15.51,242,02 Jan 2020,30 Dec 2020,794434469500,498701600,134818,97--,2020
437,MTFN,0,242,02 Jan 2020,30 Dec 2020,4532715000,90654300,5573,22--,2020
438,MTLA,-25.86,242,02 Jan 2020,30 Dec 2020,5022008500,12085000,1797,61--,2020
439,MTPS,-81.46,242,02 Jan 2020,30 Dec 2020,12497328000,40178200,11953,75--,2020
440,MTRA,-27.81,242,02 Jan 2020,30 Dec 2020,200301400,745100,237,62--,2020
441,MTSM,-2.68,242,02 Jan 2020,30 Dec 2020,129783900,645800,842,61--,2020
442,MTWI,-3.12,242,02 Jan 2020,30 Dec 2020,12142550700,188966200,19290,84--,2020
443,MYOH,0.39,242,02 Jan 2020,30 Dec 2020,56116458000,48470000,10533,21--,2020
444,MYOR,32.2,242,02 Jan 2020,30 Dec 2020,2036014163500,906064400,325478,51--,2020
445,MYRX,0,242,02 Jan 2020,30 Dec 2020,267695000,5353900,67,61--,2020
446,MYRXP,0,242,02 Jan 2020,30 Dec 2020,20000,400,3,61--,2020
447,MYTX,-10.71,242,02 Jan 2020,30 Dec 2020,543811800,10599800,1740,43--,2020
448,NASA,-85.66,242,02 Jan 2020,30 Dec 2020,80369998300,174763600,2819,94--,2020
449,NATO,-46.08,242,02 Jan 2020,30 Dec 2020,10938791553400,16922434500,463798,94--,2020
450,NELY,0.71,242,02 Jan 2020,30 Dec 2020,1228650700,8704200,1936,74--,2020
451,NFCX,-23,242,02 Jan 2020,30 Dec 2020,88202221000,47203700,7180,93--,2020
452,NICK,-10,242,02 Jan 2020,30 Dec 2020,10486049200,41902200,1178,98--,2020
453,NIKL,114.07,242,02 Jan 2020,30 Dec 2020,2121060269400,2658765100,542913,33--,2020
454,NIPS,0,242,02 Jan 2020,30 Dec 2020,0,0,0,42--,2020
455,NIRO,15.71,242,02 Jan 2020,30 Dec 2020,103685148800,739351300,3066,61--,2020
456,NISP,-2.96,242,02 Jan 2020,30 Dec 2020,37742162000,48061800,12605,81--,2020
457,NOBU,-7.3,242,02 Jan 2020,30 Dec 2020,2859718000,3106000,2181,81--,2020
458,NRCA,-1.56,242,02 Jan 2020,30 Dec 2020,55643587200,164008000,22298,62--,2020
459,NUSA,0,242,02 Jan 2020,30 Dec 2020,84900000,1698000,1045,94--,2020
460,NZIA,-78.05,242,02 Jan 2020,30 Dec 2020,11460251800,32786200,8180,61--,2020
461,OASA,-12.38,242,02 Jan 2020,30 Dec 2020,15809241400,45638900,468,75--,2020
462,OCAP,-30.87,242,02 Jan 2020,30 Dec 2020,107863400,686000,589,98--,2020
463,OKAS,-47.45,242,02 Jan 2020,30 Dec 2020,155845724900,1419720400,115542,91--,2020
464,OMRE,-66.94,242,02 Jan 2020,30 Dec 2020,21912700,40000,98,61--,2020
465,OPMS,66,242,02 Jan 2020,30 Dec 2020,126341477000,972689800,85454,91--,2020
466,PADI,-81.2,242,02 Jan 2020,30 Dec 2020,7198445000,89509000,7684,83--,2020
467,PALM,72,242,02 Jan 2020,30 Dec 2020,41316496300,127741400,29716,12--,2020
468,PAMG,53.73,242,02 Jan 2020,30 Dec 2020,770827506000,7444916400,504237,61--,2020
469,PANI,2.65,242,02 Jan 2020,30 Dec 2020,1029383300,11737700,3652,51--,2020
470,PANR,-54.19,242,02 Jan 2020,30 Dec 2020,89922010000,846915000,75309,94--,2020
471,PANS,-9.82,242,02 Jan 2020,30 Dec 2020,120679267000,129370200,34511,83--,2020
472,PBID,46.43,242,02 Jan 2020,30 Dec 2020,52092233500,53450000,17468,35--,2020
473,PBRX,-51.76,242,02 Jan 2020,30 Dec 2020,215026726100,848546600,59817,43--,2020
474,PBSA,-15,242,02 Jan 2020,30 Dec 2020,26863661400,48292700,689,62--,2020
475,PCAR,-49.55,242,02 Jan 2020,30 Dec 2020,12213952600,18266700,8013,51--,2020
476,PDES,-50.11,242,02 Jan 2020,30 Dec 2020,433934900,1126900,1157,94--,2020
477,PEGE,-38.18,242,02 Jan 2020,30 Dec 2020,671283100,4887400,2372,98--,2020
478,PEHA,57.67,242,02 Jan 2020,30 Dec 2020,349354661000,192411400,86627,53--,2020
479,PGAS,-23.73,242,02 Jan 2020,30 Dec 2020,43312731654000,36044173200,2715071,71--,2020
480,PGLI,-26.99,242,02 Jan 2020,30 Dec 2020,780099200,3245700,1149,94--,2020
481,PICO,-91.59,242,02 Jan 2020,30 Dec 2020,59322567300,233280500,45673,33--,2020
482,PJAA,-39.09,242,02 Jan 2020,30 Dec 2020,32345150500,60407300,16473,94--,2020
483,PKPK,-18.18,242,02 Jan 2020,30 Dec 2020,24979752900,397150000,32015,22--,2020
484,PLAS,0,242,02 Jan 2020,30 Dec 2020,0,0,0,98--,2020
485,PLIN,-25.76,242,02 Jan 2020,30 Dec 2020,4734168000,1899400,1755,61--,2020
486,PMJS,-23.91,242,02 Jan 2020,30 Dec 2020,42735760400,281373500,61662,91--,2020
487,PNBN,-20.22,242,02 Jan 2020,30 Dec 2020,1527337689500,1704995500,140414,81--,2020
488,PNBS,66,242,02 Jan 2020,30 Dec 2020,693744084200,8712322300,241713,81--,2020
489,PNIN,-21,242,02 Jan 2020,30 Dec 2020,113989325500,141003900,57816,84--,2020
490,PNLF,-18.54,242,02 Jan 2020,30 Dec 2020,1678597035300,7870577700,303130,89--,2020
491,PNSE,222.29,242,02 Jan 2020,30 Dec 2020,40919600,58200,201,94--,2020
492,POLA,-6.11,242,02 Jan 2020,30 Dec 2020,14713179000,140675800,35958,82--,2020
493,POLI,-46.31,242,02 Jan 2020,30 Dec 2020,5943951000,5754700,7872,61--,2020
494,POLL,-59.55,242,02 Jan 2020,30 Dec 2020,604026568000,74328800,132213,61--,2020
495,POLU,-68.75,242,02 Jan 2020,30 Dec 2020,2366858500,2593300,2537,43--,2020
496,POLY,1.69,242,02 Jan 2020,30 Dec 2020,22925942800,389354400,22965,43--,2020
497,POOL,-67.95,242,02 Jan 2020,30 Dec 2020,3297185900,57133800,5447,98--,2020
498,PORT,-18.42,242,02 Jan 2020,30 Dec 2020,403134500,767700,958,74--,2020
499,POSA,0,242,02 Jan 2020,30 Dec 2020,478180000,9563600,1129,61--,2020
500,POWR,-29,242,02 Jan 2020,30 Dec 2020,1287029212500,1944825700,197146,71--,2020
501,PPRE,9.17,242,02 Jan 2020,30 Dec 2020,1037235578900,5386313600,589035,75--,2020
502,PPRO,38.24,242,02 Jan 2020,30 Dec 2020,4121825317400,46574347300,832525,61--,2020
503,PRAS,-10.29,242,02 Jan 2020,30 Dec 2020,1812710500,13436800,5041,42--,2020
504,PRDA,-10.22,242,02 Jan 2020,30 Dec 2020,83349974000,27020000,9388,96--,2020
505,PRIM,-44.76,242,02 Jan 2020,30 Dec 2020,10134493200,33523800,4936,96--,2020
506,PSAB,1.54,242,02 Jan 2020,30 Dec 2020,3941396770500,15954945600,762172,23--,2020
507,PSDN,-15.03,242,02 Jan 2020,30 Dec 2020,2917827900,22352400,2827,51--,2020
508,PSGO,-40.5,242,02 Jan 2020,30 Dec 2020,7671153400,61637000,12707,12--,2020
509,PSKT,0,242,02 Jan 2020,30 Dec 2020,58170000,1163400,198,94--,2020
510,PSSI,-5.95,242,02 Jan 2020,30 Dec 2020,22655134900,133827600,12862,74--,2020
511,PTBA,5.64,242,02 Jan 2020,30 Dec 2020,25365844515500,11278918200,1992286,21--,2020
512,PTIS,-17.53,242,02 Jan 2020,30 Dec 2020,227378300,1480300,1139,74--,2020
513,PTPP,17.67,242,02 Jan 2020,30 Dec 2020,13270937523400,12553481900,1167659,62--,2020
514,PTRO,20.25,242,02 Jan 2020,30 Dec 2020,433676438000,259723800,108416,21--,2020
515,PTSN,-13.43,242,02 Jan 2020,30 Dec 2020,342733254600,1546333500,164507,46--,2020
516,PTSP,-18.46,242,02 Jan 2020,30 Dec 2020,13684811500,3401100,104,94--,2020
517,PUDP,-23.33,242,02 Jan 2020,30 Dec 2020,221071100,1008100,439,61--,2020
518,PURE,-15.56,242,02 Jan 2020,30 Dec 2020,1412306003400,5517474700,443006,33--,2020
519,PWON,-10.53,242,02 Jan 2020,30 Dec 2020,11377329322800,26424415800,1439721,61--,2020
520,PYFA,392.42,242,02 Jan 2020,30 Dec 2020,637155024800,637772000,173243,53--,2020
521,PZZA,-27.03,242,02 Jan 2020,30 Dec 2020,281879652100,413248200,97239,94--,2020
522,RAJA,33.33,242,02 Jan 2020,30 Dec 2020,1037449630700,6742142500,448522,71--,2020
523,RALS,-27.23,242,02 Jan 2020,30 Dec 2020,3266694759200,4898942800,562160,93--,2020
524,RANC,30.54,242,02 Jan 2020,30 Dec 2020,94770981600,224821600,32091,93--,2020
525,RBMS,-26.47,242,02 Jan 2020,30 Dec 2020,11389986300,187147300,14986,61--,2020
526,RDTX,-5.41,242,02 Jan 2020,30 Dec 2020,10401597500,2020600,972,61--,2020
527,REAL,-87.5,242,02 Jan 2020,30 Dec 2020,1352968584500,17257559700,1084590,61--,2020
528,RELI,55.77,242,02 Jan 2020,30 Dec 2020,192204600,664100,663,83--,2020
529,RICY,-23.49,242,02 Jan 2020,30 Dec 2020,3242161200,31737800,6756,43--,2020
530,RIGS,26.42,242,02 Jan 2020,30 Dec 2020,19220520300,70868000,15792,74--,2020
531,RIMO,0,242,02 Jan 2020,30 Dec 2020,59385000,1187700,81,61--,2020
532,RISE,-29.92,242,02 Jan 2020,30 Dec 2020,50906151700,110032800,26690,61--,2020
533,RMBA,3.03,242,02 Jan 2020,30 Dec 2020,13201406200,29938600,7360,52--,2020
534,RODA,2,242,02 Jan 2020,30 Dec 2020,30541013800,535493500,26760,61--,2020
535,ROTI,4.62,242,02 Jan 2020,30 Dec 2020,787382912000,641893400,30654,51--,2020
536,RUIS,10.48,242,02 Jan 2020,30 Dec 2020,11337892700,41478000,5349,22--,2020
537,SAFE,-8.74,242,02 Jan 2020,30 Dec 2020,12073898200,62359300,22470,74--,2020
538,SAME,16.8,242,02 Jan 2020,30 Dec 2020,1899494302900,11015297800,390717,96--,2020
539,SAPX,163.86,242,02 Jan 2020,30 Dec 2020,928359500,432900,800,74--,2020
540,SATU,-42.53,242,02 Jan 2020,30 Dec 2020,1571311100,28132600,3209,61--,2020
541,SCBD,0,75,02 Jan 2020,17 Apr 2020,0,0,0,,2020
542,SCCO,14.44,242,02 Jan 2020,30 Dec 2020,7997667500,845900,1435,45--,2020
543,SCMA,62.41,242,02 Jan 2020,30 Dec 2020,7219412241500,6140554000,637002,95--,2020
544,SCPI,0,242,02 Jan 2020,30 Dec 2020,0,0,0,53--,2020
545,SDMU,14,242,02 Jan 2020,30 Dec 2020,32729345000,417877400,29048,74--,2020
546,SDPC,9.47,242,02 Jan 2020,30 Dec 2020,29475894000,233856800,34832,91--,2020
547,SDRA,-10.84,242,02 Jan 2020,30 Dec 2020,1569738000,1945400,1436,81--,2020
548,SFAN,23.72,242,02 Jan 2020,30 Dec 2020,80008159500,78162500,13816,99--,2020
549,SGRO,-32.14,242,02 Jan 2020,30 Dec 2020,211552096000,135872800,21376,12--,2020
550,SHID,-24.64,242,02 Jan 2020,30 Dec 2020,12221859000,4229800,430,94--,2020
551,SHIP,-21.57,242,02 Jan 2020,30 Dec 2020,90188604600,143129700,30385,74--,2020
552,SIDO,-36.86,242,02 Jan 2020,30 Dec 2020,2996182992500,3076629800,869046,53--,2020
553,SILO,-20.86,242,02 Jan 2020,30 Dec 2020,278366418500,50404300,39643,96--,2020
554,SIMA,0,242,02 Jan 2020,30 Dec 2020,340378100,6733200,698,99--,2020
555,SIMP,-2.78,242,02 Jan 2020,30 Dec 2020,953375943600,2943708200,221877,12--,2020
556,SINI,-77.58,242,02 Jan 2020,30 Dec 2020,1660519700,2619000,2785,37--,2020
557,SIPD,76.47,242,02 Jan 2020,30 Dec 2020,18178154000,15140800,2386,36--,2020
558,SKBM,-20.98,242,02 Jan 2020,30 Dec 2020,168886000,521700,855,51--,2020
559,SKLT,-2.8,242,02 Jan 2020,30 Dec 2020,164225000,104600,280,51--,2020
560,SKRN,32.73,242,02 Jan 2020,30 Dec 2020,167031437300,258021400,14026,62--,2020
561,SKYB,-13.56,242,02 Jan 2020,30 Dec 2020,11022217300,164722500,17291,93--,2020
562,SLIS,14.22,242,02 Jan 2020,30 Dec 2020,188468935000,37839800,11609,46--,2020
563,SMAR,0.24,242,02 Jan 2020,30 Dec 2020,7174362000,2155200,2921,12--,2020
564,SMBR,142.05,242,02 Jan 2020,30 Dec 2020,6092615214700,9345661200,978321,31--,2020
565,SMCB,22.03,242,02 Jan 2020,30 Dec 2020,42104211000,37502400,13932,31--,2020
566,SMDM,-13.45,242,02 Jan 2020,30 Dec 2020,449631700,4771600,2019,61--,2020
567,SMDR,11.81,242,02 Jan 2020,30 Dec 2020,337161728100,1148850600,125587,74--,2020
568,SMGR,3.54,242,02 Jan 2020,30 Dec 2020,13964027370000,1459782200,807259,31--,2020
569,SMKL,-14.41,242,02 Jan 2020,30 Dec 2020,15199519700,78562700,16410,35--,2020
570,SMMA,-25.12,242,02 Jan 2020,30 Dec 2020,708334972500,51087000,2059,89--,2020
571,SMMT,-5.69,242,02 Jan 2020,30 Dec 2020,18978068000,169276700,21807,21--,2020
572,SMRA,-19.9,242,02 Jan 2020,30 Dec 2020,7618162903100,11829680500,810666,61--,2020
573,SMRU,0,242,02 Jan 2020,30 Dec 2020,84970000,1699400,129,21--,2020
574,SMSM,-7.05,242,02 Jan 2020,30 Dec 2020,873725123000,699121000,236554,42--,2020
575,SOCI,53.49,242,02 Jan 2020,30 Dec 2020,994923548000,5718865300,315226,74--,2020
576,SONA,0.42,242,02 Jan 2020,30 Dec 2020,1245025500,203700,292,93--,2020
577,SOSS,-3,242,02 Jan 2020,30 Dec 2020,4610753000,11999600,7577,99--,2020
578,SOTS,-13.16,242,02 Jan 2020,30 Dec 2020,1112300700,5304700,792,94--,2020
579,SPMA,-7.19,242,02 Jan 2020,30 Dec 2020,5046310000,17903200,3276,38--,2020
580,SPTO,-30.36,242,02 Jan 2020,30 Dec 2020,174614270100,268354100,33626,91--,2020
581,SQMI,62.93,242,02 Jan 2020,30 Dec 2020,1004373273000,4354950400,331965,91--,2020
582,SRAJ,-23.88,242,02 Jan 2020,30 Dec 2020,3343368400,20861500,5129,96--,2020
583,SRIL,0.77,242,02 Jan 2020,30 Dec 2020,2556685300600,11969331900,593869,43--,2020
584,SRSN,-14.71,242,02 Jan 2020,30 Dec 2020,115504171700,1993712800,67680,34--,2020
585,SRTG,-5.25,242,02 Jan 2020,30 Dec 2020,419914743000,122182600,44641,98--,2020
586,SSIA,-12.21,242,02 Jan 2020,30 Dec 2020,4299363352800,9084276300,514081,62--,2020
587,SSMS,47.93,242,02 Jan 2020,30 Dec 2020,3465582054500,4164993000,171338,12--,2020
588,SSTM,7.55,242,02 Jan 2020,30 Dec 2020,1127060900,2219700,1285,43--,2020
589,STAR,-30.72,242,02 Jan 2020,30 Dec 2020,35319139100,247528300,4320,43--,2020
590,STTP,111.11,242,02 Jan 2020,30 Dec 2020,3618119000,516400,1077,51--,2020
591,SUGI,0,242,02 Jan 2020,30 Dec 2020,0,0,0,91--,2020
592,SULI,0,242,02 Jan 2020,30 Dec 2020,7234401200,140382200,4877,37--,2020
593,SUPR,25,242,02 Jan 2020,30 Dec 2020,15538000,3900,32,75--,2020
594,SURE,-14.24,242,02 Jan 2020,30 Dec 2020,43887781000,15369700,3325,22--,2020
595,SWAT,8.74,242,02 Jan 2020,30 Dec 2020,46848949900,471158100,58855,38--,2020
596,TALF,-4.41,242,02 Jan 2020,30 Dec 2020,153221200,597400,783,35--,2020
597,TAMU,-87.18,242,02 Jan 2020,30 Dec 2020,320449226800,2513576200,124249,74--,2020
598,TARA,-88.1,242,02 Jan 2020,30 Dec 2020,10344272500,51259200,9997,61--,2020
599,TAXI,0,242,02 Jan 2020,30 Dec 2020,97685000,1953700,293,74--,2020
600,TBIG,32.52,242,02 Jan 2020,30 Dec 2020,13289281158500,11134283300,747365,75--,2020
601,TBLA,-6.03,242,02 Jan 2020,30 Dec 2020,833225683000,1165227100,159390,51--,2020
602,TBMS,13.25,242,02 Jan 2020,30 Dec 2020,3017939000,4097500,2484,33--,2020
603,TCID,-41.14,242,02 Jan 2020,30 Dec 2020,22105165000,3127500,2734,54--,2020
604,TCPI,5.66,242,02 Jan 2020,30 Dec 2020,11830691635000,2252026400,1725158,74--,2020
605,TDPM,-43.31,242,02 Jan 2020,30 Dec 2020,330556030600,2448389300,169846,34--,2020
606,TEBE,-71.12,242,02 Jan 2020,30 Dec 2020,163611819500,91662200,28335,72--,2020
607,TELE,-59.67,242,02 Jan 2020,30 Dec 2020,1192359619500,8026144000,386280,93--,2020
608,TFAS,-7.69,242,02 Jan 2020,30 Dec 2020,7884923500,49645200,6659,91--,2020
609,TFCO,0,242,02 Jan 2020,30 Dec 2020,216958600,505700,579,43--,2020
610,TGKA,50,242,02 Jan 2020,30 Dec 2020,1089781000,157200,733,91--,2020
611,TGRA,5.71,242,02 Jan 2020,30 Dec 2020,565880924600,4891756300,324171,71--,2020
612,TIFA,133.33,242,02 Jan 2020,30 Dec 2020,28775622400,63918300,4825,82--,2020
613,TINS,80,242,02 Jan 2020,30 Dec 2020,10029204493600,10790211200,901150,23--,2020
614,TIRA,4,242,02 Jan 2020,30 Dec 2020,406300700,1549900,1647,91--,2020
615,TIRT,-3.77,242,02 Jan 2020,30 Dec 2020,2264142900,41786700,1623,37--,2020
616,TKIM,-4.14,242,02 Jan 2020,30 Dec 2020,17150707508500,2651041600,1155123,38--,2020
617,TLKM,-16.62,242,02 Jan 2020,30 Dec 2020,109545404850000,34789507100,4361167,73--,2020
618,TMAS,35.29,242,02 Jan 2020,30 Dec 2020,104025108500,950352600,76678,74--,2020
619,TMPO,-13.25,242,02 Jan 2020,30 Dec 2020,2181708000,14392300,7370,95--,2020
620,TNCA,52.52,242,02 Jan 2020,30 Dec 2020,120098281500,309360700,23551,74--,2020
621,TOBA,45.25,242,02 Jan 2020,30 Dec 2020,15896175700,34826900,5268,21--,2020
622,TOPS,-81.48,242,02 Jan 2020,30 Dec 2020,77268109900,613440000,60792,62--,2020
623,TOTL,-15.14,242,02 Jan 2020,30 Dec 2020,365256692000,1097424200,119507,62--,2020
624,TOTO,-18.49,242,02 Jan 2020,30 Dec 2020,19927600400,89846800,13092,32--,2020
625,TOWR,19.25,242,02 Jan 2020,30 Dec 2020,34473127891500,34781032100,3554071,75--,2020
626,TPIA,-12.53,242,02 Jan 2020,30 Dec 2020,6953438240000,876505600,270014,34--,2020
627,TPMA,37.8,242,02 Jan 2020,30 Dec 2020,4661483200,14997900,3633,74--,2020
628,TRAM,0,242,02 Jan 2020,30 Dec 2020,430955000,8619100,622,21--,2020
629,TRIL,0,242,02 Jan 2020,30 Dec 2020,0,0,0,91--,2020
630,TRIM,-36.05,242,02 Jan 2020,30 Dec 2020,5072947600,45110400,1952,83--,2020
631,TRIO,0,242,02 Jan 2020,30 Dec 2020,0,0,0,93--,2020
632,TRIS,-21.8,242,02 Jan 2020,30 Dec 2020,12569887800,46059900,6655,43--,2020
633,TRST,10,242,02 Jan 2020,30 Dec 2020,3432199200,8909300,530,35--,2020
634,TRUK,69.31,242,02 Jan 2020,30 Dec 2020,83090357300,594099400,51907,74--,2020
635,TRUS,4.26,242,02 Jan 2020,30 Dec 2020,245974200,794200,739,82--,2020
636,TSPC,0.36,242,02 Jan 2020,30 Dec 2020,175292868500,132427300,42466,53--,2020
637,TUGU,-45.8,242,02 Jan 2020,30 Dec 2020,18134771000,9688600,7829,84--,2020
638,TURI,44.44,242,02 Jan 2020,30 Dec 2020,100887109500,92950400,2621,91--,2020
639,UCID,-21.39,242,02 Jan 2020,30 Dec 2020,447408736000,282076400,106604,43--,2020
640,ULTJ,-4.76,242,02 Jan 2020,30 Dec 2020,633990623000,400180400,130572,51--,2020
641,UNIC,22.08,242,02 Jan 2020,30 Dec 2020,3753492500,912600,1827,34--,2020
642,UNIT,-10.61,242,02 Jan 2020,30 Dec 2020,478572600,3203100,1586,43--,2020
643,UNSP,12.87,242,02 Jan 2020,30 Dec 2020,32153708600,387970800,38534,12--,2020
644,UNTR,23.58,242,02 Jan 2020,30 Dec 2020,23222223872500,1143178100,1257338,91--,2020
645,UNVR,-12.5,242,02 Jan 2020,30 Dec 2020,25927854532500,3359426200,1689606,54--,2020
646,URBN,-73.46,242,02 Jan 2020,30 Dec 2020,67707197000,51203400,5130,61--,2020
647,VICO,-28.57,242,02 Jan 2020,30 Dec 2020,2945665200,32714100,29511,89--,2020
648,VINS,-26.02,242,02 Jan 2020,30 Dec 2020,5268929700,49135700,14632,84--,2020
649,VIVA,-33.33,242,02 Jan 2020,30 Dec 2020,191997509300,3613445000,36224,95--,2020
650,VOKS,-41.29,242,02 Jan 2020,30 Dec 2020,16975368800,65193400,8649,45--,2020
651,VRNA,-25.71,242,02 Jan 2020,30 Dec 2020,93735800,876500,676,82--,2020
652,WAPO,-6.94,242,02 Jan 2020,30 Dec 2020,364999700,4624900,1523,91--,2020
653,WEGE,-16.34,242,02 Jan 2020,30 Dec 2020,2310189745600,10700874300,528702,62--,2020
654,WEHA,-57.43,242,02 Jan 2020,30 Dec 2020,40251850800,454052300,59944,74--,2020
655,WICO,-16.64,242,02 Jan 2020,30 Dec 2020,635284500,1366900,550,91--,2020
656,WIIM,221.43,242,02 Jan 2020,30 Dec 2020,3257124689300,8327840600,594847,52--,2020
657,WIKA,-0.25,242,02 Jan 2020,30 Dec 2020,11775083998000,8640362300,1164523,62--,2020
658,WINS,-10.83,242,02 Jan 2020,30 Dec 2020,43608871400,423835500,13864,74--,2020
659,WOMF,-7.97,242,02 Jan 2020,30 Dec 2020,34834474800,145243500,18494,82--,2020
660,WOOD,-18.25,242,02 Jan 2020,30 Dec 2020,3475996980000,8055637000,522245,55--,2020
661,WOWS,-72,242,02 Jan 2020,30 Dec 2020,537821519900,6524105600,336908,22--,2020
662,WSBP,-9.87,242,02 Jan 2020,30 Dec 2020,6206398621500,28973426400,1038597,31--,2020
663,WSKT,-3.03,242,02 Jan 2020,30 Dec 2020,17088771548800,18356023900,1473367,62--,2020
664,WTON,-14.22,242,02 Jan 2020,30 Dec 2020,1658127953700,5234043100,372490,31--,2020
665,YELO,-35.06,242,02 Jan 2020,30 Dec 2020,33402231500,509600600,41688,99--,2020
666,YPAS,-21.82,242,02 Jan 2020,30 Dec 2020,171381000,438500,869,35--,2020
667,YULE,27.59,242,02 Jan 2020,30 Dec 2020,46283300100,239809700,1404,83--,2020
668,ZBRA,30.68,242,02 Jan 2020,30 Dec 2020,6997985400,82571200,9932,91--,2020
669,ZINC,-51.78,242,02 Jan 2020,30 Dec 2020,9992625857800,63043069200,912765,23--,2020
670,ZONE,-21.37,242,02 Jan 2020,30 Dec 2020,17085327300,40191500,9418,43--,2020
671,PGJO,-32.5,238,08 Jan 2020,30 Dec 2020,5662766800,62184300,9638,94--,2020
672,AMAR,63.22,237,09 Jan 2020,30 Dec 2020,92209331400,196882800,56801,81--,2020
673,CSRA,200.8,237,09 Jan 2020,30 Dec 2020,570674895600,1369189300,204389,12--,2020
674,INDO,14.55,235,13 Jan 2020,30 Dec 2020,58302874700,356966700,74574,61--,2020
675,AMOR,53.16,234,14 Jan 2020,30 Dec 2020,257806161500,98598000,30399,83--,2020
676,TRIN,3,233,15 Jan 2020,30 Dec 2020,1539672315100,5951682100,524720,61--,2020
677,DMND,0.55,228,22 Jan 2020,30 Dec 2020,59926081000,47165200,28484,51--,2020
678,PURA,17.14,223,29 Jan 2020,30 Dec 2020,4786775069800,37976366900,3371810,74--,2020
679,PTPW,65.38,216,07 Feb 2020,30 Dec 2020,605577410000,480077300,107139,75--,2020
680,TAMA,-42.86,215,10 Feb 2020,30 Dec 2020,389326244500,1295083400,145341,62--,2020
681,AYLS,-50,213,12 Feb 2020,30 Dec 2020,107303277600,1139376500,76256,91--,2020
682,IKAN,22.5,213,12 Feb 2020,30 Dec 2020,654013254700,1770072900,271328,51--,2020
683,DADA,-49.02,211,14 Feb 2020,30 Dec 2020,756553516800,7288601400,383435,61--,2020
684,ASPI,-4.76,210,17 Feb 2020,30 Dec 2020,867404066900,2857318600,213991,61--,2020
685,BESS,128.57,195,09 Mar 2020,30 Dec 2020,303904830100,1335262300,77484,74--,2020
686,ESTA,8.33,195,09 Mar 2020,30 Dec 2020,155305395300,904889800,56593,94--,2020
687,AMAN,183.64,191,13 Mar 2020,30 Dec 2020,31634654400,133516600,19835,61--,2020
688,CARE,212.62,191,13 Mar 2020,30 Dec 2020,10254213715800,29890396400,465517,96--,2020
689,SAMF,231.67,180,31 Mar 2020,30 Dec 2020,12711629800,32754400,8237,34--,2020
690,KBAG,-50,174,08 Apr 2020,30 Dec 2020,2794503820300,36424808200,988787,61--,2020
691,SBAT,22.86,174,08 Apr 2020,30 Dec 2020,432095930000,2975773300,355818,43--,2020
692,CBMF,256.25,173,09 Apr 2020,30 Dec 2020,167944154800,644036500,62461,55--,2020
693,CSMI,175.51,173,09 Apr 2020,30 Dec 2020,12424574900,59709300,10410,94--,2020
694,RONY,80,173,09 Apr 2020,30 Dec 2020,23119583100,70518400,32277,99--,2020
695,BBSS,-15,170,15 Apr 2020,30 Dec 2020,225481271500,1555649800,174778,61--,2020
696,BHAT,501.94,170,15 Apr 2020,30 Dec 2020,10129367447100,20281287900,398051,84--,2020
697,CASH,33.71,158,04 May 2020,30 Dec 2020,316773933800,599587500,97278,97--,2020
698,TECH,400,140,04 Jun 2020,30 Dec 2020,138842102100,704317700,101874,97--,2020
699,EPAC,28.18,121,01 Jul 2020,30 Dec 2020,319517370500,1180301800,161985,35--,2020
700,UANG,56.8,118,06 Jul 2020,30 Dec 2020,18670010400,43742700,14588,94--,2020
701,PGUN,117.39,117,07 Jul 2020,30 Dec 2020,36099740100,97784600,14197,12--,2020
702,SOFA,8,117,07 Jul 2020,30 Dec 2020,20905778300,218539600,39779,55--,2020
703,PPGL,38.18,108,20 Jul 2020,30 Dec 2020,225328206600,1002606900,113914,74--,2020
704,TOYS,75.71,96,06 Agt 2020,30 Dec 2020,195182188300,303640300,73160,59--,2020
705,SGER,557.41,94,10 Agt 2020,30 Dec 2020,212697001800,555127100,86694,91--,2020
706,TRJA,-38,84,27 Agt 2020,30 Dec 2020,47786689300,220716600,36100,74--,2020
707,PNGO,220,82,31 Agt 2020,30 Dec 2020,6589605900,11768900,3760,12--,2020
708,BBSI,72.92,77,07 Sep 2020,30 Dec 2020,76752678000,106978000,23791,81--,2020
709,KMDS,56.67,77,07 Sep 2020,30 Dec 2020,9010177600,16028000,5041,91--,2020
710,SCNP,132.73,77,07 Sep 2020,30 Dec 2020,13386912900,52254300,6591,46--,2020
711,PURI,75.29,76,08 Sep 2020,30 Dec 2020,13461007400,37479500,6957,61--,2020
712,SOHO,152.75,76,08 Sep 2020,30 Dec 2020,53105926500,8424100,13608,53--,2020
713,HOMI,247.37,74,10 Sep 2020,30 Dec 2020,87178966900,88729500,3518,61--,2020
714,ROCK,-32.09,74,10 Sep 2020,30 Dec 2020,13081612000,8967100,7945,61--,2020
715,ENZO,-52.38,72,14 Sep 2020,30 Dec 2020,81625042800,1060500200,51403,51--,2020
716,PLAN,-10.71,71,15 Sep 2020,30 Dec 2020,129074632700,708790300,54279,94--,2020
717,PTDU,815,14,08 Dec 2020,30 Dec 2020,1821681000,4823400,1514,62--,2020
718,ATAP,52,12,11 Dec 2020,30 Dec 2020,9928258400,45840600,7985,61--,2020
719,VICI,212,8,17 Dec 2020,30 Dec 2020,24024689300,68194900,8559,54--,2020
720,PMMP,-23.81,7,18 Dec 2020,30 Dec 2020,43875722800,118960900,13952,51--,2020
