Stock Code,Remarks,Prev,Open,Date,High,Low,Close,Change,Volume,Value,Freq
AALI,--M-18APM16000D232------------,9100,0,23 Agt 2022,9175,9075,9150,50,1394000,12709732500,1842
ABBA,--U-2105000000E614------------,270,0,23 Agt 2022,278,252,268,-2,42208300,11385127200,2492
ABDA,--U-2105000000G412-----------X,6050,0,23 Agt 2022,0,0,6050,0,0,0,0
ABMM,--M-1175000000C311------------,2420,0,23 Agt 2022,2540,2410,2520,100,3669800,9124625000,2298
ACES,--M-187EMD0000E743------------,750,0,23 Agt 2022,760,740,760,10,49756000,37522928500,3939
ACST,--U-1135000000J211------------,185,0,23 Agt 2022,189,184,186,1,5236100,976440100,519
ADCP,--U-1135000000H111------------,75,0,23 Agt 2022,77,75,76,1,18338900,1388059600,864
ADES,--U-2135000000D212------------,6175,0,23 Agt 2022,6225,6150,6225,50,44300,274142500,91
ADHI,--M-1835V50000J211------------,770,0,23 Agt 2022,795,750,785,15,10880800,8520887500,1740
ADMF,--U-110F200000G211------------,8100,0,23 Agt 2022,8150,8075,8100,0,117200,949422500,106
ADMG,--U-1130000000B111------------,173,0,23 Agt 2022,176,173,174,1,463800,81055500,62
ADMR,--U-2100000000A121------------,1645,0,23 Agt 2022,1695,1635,1685,40,93780300,156963930000,15166
ADRO,--MO1XDAQG0000A121------------,3150,3170,23 Agt 2022,3380,3160,3350,200,175076900,578894008000,22339
AGAR,--U-2130000000D231------------,312,0,23 Agt 2022,312,298,312,0,700,215600,5
AGII,XDM-1835F20000B111------------,2220,0,23 Agt 2022,2280,2180,2240,20,3167900,7082322000,1447
AGRO,--U-1805300000G111------------,740,0,23 Agt 2022,750,720,745,5,12185700,9058961500,2450
AGRS,XRU-2105000000G111------------,112,0,23 Agt 2022,112,111,112,0,14539700,1625866400,565
AHAP,--U-2100000000G412------------,117,0,23 Agt 2022,126,109,126,9,168695900,19801514600,8317
AIMS,--U-2130000000A121------------,252,0,23 Agt 2022,252,250,252,0,4300,1079400,9
AISA,--U-1135000000D222------------,158,0,23 Agt 2022,158,154,155,-3,6902000,1070244700,693
AKKU,--U-2100000000E512-------Y---X,50,0,23 Agt 2022,50,50,50,0,3400,170000,4
AKPI,--U-2130000000B113------------,1540,0,23 Agt 2022,1540,1500,1535,-5,19100,28869000,36
AKRA,XDM-18AXM46000A112------------,1170,0,23 Agt 2022,1225,1165,1215,45,60971200,74008038500,10098
AKSI,--U-2130000000K211------------,268,0,23 Agt 2022,268,260,268,0,119500,31462800,76
ALDO,--U-2135000000B131------------,720,0,23 Agt 2022,720,695,720,0,401800,282911000,204
ALKA,--U-2130000000B141------------,286,0,23 Agt 2022,296,288,294,8,26500,7652600,25
ALMI,--U-2135000000B141------------,294,0,23 Agt 2022,296,294,294,0,500,147400,3
ALTO,--U-1100000000D212------------,192,0,23 Agt 2022,192,191,192,0,4900,939500,10
AMAG,--U-2105000000G412------------,360,0,23 Agt 2022,368,358,362,2,184500,66781200,95
AMAN,XDU-1135000000H111------------,560,0,23 Agt 2022,595,560,595,35,2360400,1371131500,516
AMAR,--U-2805000000G111------------,282,0,23 Agt 2022,282,268,270,-12,14735000,4025427800,1574
AMFG,--U-1135000000C121------------,5900,0,23 Agt 2022,5875,5650,5750,-150,664600,3813275000,349
AMIN,--U-2130000000C143------------,118,0,23 Agt 2022,120,118,118,0,18400,2172800,16
AMMS,--U-3000000000D231------------,103,0,23 Agt 2022,107,101,106,3,14649000,1540570800,1428
AMOR,--U-2105000000G311------------,1395,0,23 Agt 2022,1395,1320,1395,0,1100,1517500,7
AMRT,--MO1U00526000D113------------,2090,2090,23 Agt 2022,2140,2070,2100,10,79963400,168178867000,7281
ANDI,--U-2130000000D232-----------X,50,0,23 Agt 2022,50,50,50,0,14100,705000,4
ANJT,--M-1135000000D232------------,800,0,23 Agt 2022,800,785,795,-5,2260400,1794241000,693
ANTM,--MO1XDPX56000B146------------,1985,1985,23 Agt 2022,2050,1965,2030,45,87682800,176940553000,12535
APEX,--U-2130000000A131------------,324,0,23 Agt 2022,336,302,322,-2,234000,74575800,167
APIC,--M-2105000000G511------------,1155,0,23 Agt 2022,1175,1155,1165,10,12562500,14643385500,674
APII,--M-2130000000C143------------,192,0,23 Agt 2022,193,190,193,1,130000,24845600,93
APLI,--U-1130000000B113------------,196,0,23 Agt 2022,200,200,200,4,900,180000,3
APLN,--M-1135000000H111------------,115,0,23 Agt 2022,120,114,117,2,13075500,1541046900,770
ARCI,--M-1135000000B143------------,374,0,23 Agt 2022,378,370,376,2,2992500,1119711000,305
ARGO,--U-2100000000E413-E---------X,1125,0,23 Agt 2022,1125,1125,1125,0,3900,4387500,6
ARII,--U-2130000000A121------------,214,0,23 Agt 2022,220,214,218,4,117800,25246000,23
ARKA,--U-2100000000C143------------,50,0,23 Agt 2022,50,50,50,0,93000,4650000,32
ARKO,--U-2105000000J411-------Y----,670,0,23 Agt 2022,685,625,625,-45,65136000,43093010500,4206
ARMY,--U-2100000000H111---L-------X,50,0,23 Agt 2022,0,0,50,0,0,0,0
ARNA,--M-1135000000C121------------,955,0,23 Agt 2022,960,950,950,-5,1291800,1232784000,1073
ARTA,--U-2105000000E512------------,2480,0,23 Agt 2022,2500,2460,2480,0,28200,70201000,34
ARTI,--U-2100000000A132-E---------X,50,0,23 Agt 2022,0,0,50,0,0,0,0
ARTO,--UO2HM0500000G111------------,9075,9075,23 Agt 2022,9175,8925,9000,-75,9971500,89883547500,6800
ASBI,--U-2100000000G412------------,376,0,23 Agt 2022,392,366,388,12,146600,56306600,167
ASDM,--U-1100000000G412------------,965,0,23 Agt 2022,975,970,970,5,5800,5654000,6
ASGR,--M-1135000000C224------------,900,0,23 Agt 2022,905,890,900,0,373900,335787000,130
ASHA,--U-2135000000D231------------,224,0,23 Agt 2022,230,218,228,4,128862700,28928798800,20642
ASII,--MO1UBAC76000C311------------,6925,6900,23 Agt 2022,7025,6850,6975,50,56381000,391013075000,6711
ASJT,--U-1100000000G412------------,133,0,23 Agt 2022,134,129,133,0,110000,14538100,23
ASLC,--U-2135000000E745------------,196,0,23 Agt 2022,200,184,198,2,85128100,16404376700,3814
ASMI,--U-1105000000G412------------,121,0,23 Agt 2022,124,119,122,1,9300,1126400,16
ASPI,--U-2130000000H111------------,91,0,23 Agt 2022,92,87,90,-1,3487500,313101900,135
ASRI,--M-1135140000H111------------,172,0,23 Agt 2022,176,166,174,2,29032400,5016890600,1523
ASRM,--U-2100000000G412-----------X,1660,0,23 Agt 2022,1660,1660,1660,0,100,166000,1
ASSA,--M-280F9B0000K132------------,1545,0,23 Agt 2022,1565,1515,1530,-15,8650800,13323294000,2444
ATAP,XDU-2130000000H111------------,106,0,23 Agt 2022,107,105,105,-1,1378600,145326100,302
ATIC,--U-1100000000I121------------,420,0,23 Agt 2022,420,406,410,-10,84600,35042200,90
AUTO,--M-1135000000E111------------,1235,0,23 Agt 2022,1240,1225,1230,-5,951700,1170468000,315
AVIA,--M-1830530000B113------------,900,0,23 Agt 2022,900,890,890,-10,21329800,19057102000,1354
AXIO,--U-2135000000I221------------,278,0,23 Agt 2022,288,276,286,8,27515800,7813812400,2166
AYLS,--U-2130000000B121------------,157,0,23 Agt 2022,161,157,157,0,3687500,585237500,601
BABP,--U-2105000000G111------------,125,0,23 Agt 2022,127,124,125,0,10150700,1273765900,896
BACA,--U-2805500000G111------------,149,0,23 Agt 2022,150,147,148,-1,2979200,442082700,368
BAJA,--U-2100000000B144------------,174,0,23 Agt 2022,174,165,172,-2,384400,66363600,167
BALI,--U-1105000000J321------------,965,0,23 Agt 2022,1100,900,1075,110,555600,519916500,148
BANK,--U-2135400000G111------------,1755,0,23 Agt 2022,1780,1725,1730,-25,17578500,30862590500,1578
BAPA,--U-1130000000H111------------,121,0,23 Agt 2022,133,121,127,6,29047200,3725718500,3578
BAPI,--U-2130000000H111-----------X,50,0,23 Agt 2022,50,50,50,0,59100,2955000,4
BATA,--U-1130000000E412------------,540,0,23 Agt 2022,555,535,555,15,3400,1864500,9
BAUT,--U-2130000000E743------------,50,0,23 Agt 2022,50,50,50,0,875700,43785000,72
BAYU,--U-2130000000E513------------,1060,0,23 Agt 2022,1060,1050,1050,-10,200,211000,2
BBCA,--MO1UQNCN6000G111------------,8000,8000,23 Agt 2022,8000,7900,7900,-100,71671800,569299685000,11504
BBHI,--U-2850000000G111------------,3480,0,23 Agt 2022,3530,3480,3520,40,483800,1697096000,574
BBKP,--U-1105000000G111------------,186,0,23 Agt 2022,187,183,185,-1,58379800,10799758900,2035
BBLD,--U-2100000000G211------------,410,0,23 Agt 2022,400,400,400,-10,100,40000,1
BBMD,--U-1105000000G111------------,1990,0,23 Agt 2022,1975,1970,1970,-20,3700,7291500,7
BBNI,--MO1UQSPB6000G111------------,8300,8300,23 Agt 2022,8400,8275,8300,0,21554500,179201965000,4516
BBRI,--MO1UQSPB6000G111------------,4270,4260,23 Agt 2022,4310,4260,4300,30,107799500,462449707000,14290
BBRM,--U-1130000000A122-----------X,50,0,23 Agt 2022,51,50,50,0,1431800,71677900,115
BBSI,--U-2105000000G111------------,3630,0,23 Agt 2022,3790,3470,3620,-10,17600,65080000,39
BBSS,--U-2130000000H111------------,59,0,23 Agt 2022,62,59,61,2,2349300,141828800,119
BBTN,--MO1HCEL16000G111------------,1500,1490,23 Agt 2022,1530,1485,1520,20,16488800,24868522500,2868
BBYB,--U-1115000000G111------------,1260,0,23 Agt 2022,1280,1190,1200,-60,81072900,99251221500,8351
BCAP,--M-1105000000G511------------,105,0,23 Agt 2022,107,104,106,1,32631900,3451323000,1184
BCIC,--U-2105000000G111------------,158,0,23 Agt 2022,161,156,158,0,419900,66235500,112
BCIP,--U-2130000000H111------------,58,0,23 Agt 2022,59,57,58,0,3304100,191634300,152
BDMN,--M-1155100000G111------------,2560,0,23 Agt 2022,2700,2530,2640,80,9527200,24951489000,2053
BEBS,--U-2135000000B121------------,4610,0,23 Agt 2022,4940,4560,4700,90,30604700,144187715000,2867
BEEF,--U-2100000000D222MED--------X,52,0,23 Agt 2022,52,51,52,0,328300,16815600,33
BEKS,--U-2105000000G111------------,50,0,23 Agt 2022,50,50,50,0,694000,34700000,96
BELL,--U-2135000000E413------------,262,0,23 Agt 2022,262,250,252,-10,9300200,2363749800,1831
BESS,--U-2135000000A122------------,260,0,23 Agt 2022,260,242,242,-18,13055700,3176162400,2121
BEST,--M-1135000000H111------------,150,0,23 Agt 2022,152,141,150,0,32649100,4900070200,1356
BFIN,--MO1U1C9N0000G211------------,1155,1155,23 Agt 2022,1270,1150,1265,110,38305900,47063161000,2794
BGTG,--U-2105000000G111------------,120,0,23 Agt 2022,123,119,121,1,12370000,1493615100,851
BHAT,--U-2105000000G413------------,1035,0,23 Agt 2022,1055,1035,1055,20,97883800,102612362000,1420
BHIT,--U-1105000000C311------------,66,0,23 Agt 2022,68,65,66,0,245705700,16343842300,1921
BIKA,--U-2130000000H111-E---------X,130,0,23 Agt 2022,132,128,128,-2,4900,628300,13
BIKE,XDU-2130000000E321------------,210,0,23 Agt 2022,224,208,216,6,2926800,627982000,482
BIMA,--U-2100000000E412------------,354,0,23 Agt 2022,368,330,330,-24,43246600,15052901200,23564
BINA,--U-1105000000G111------------,3840,0,23 Agt 2022,3840,3780,3810,-30,790100,3004270000,180
BINO,--U-2130000000C223------------,137,0,23 Agt 2022,138,136,136,-1,3504200,479070000,568
BIPI,--U-2105000000A122------------,184,0,23 Agt 2022,188,182,187,3,804781800,148184330800,7836
BIPP,--U-2130000000H111------------,51,0,23 Agt 2022,52,51,52,1,773900,39489900,34
BIRD,--M-1135000000K132------------,1480,0,23 Agt 2022,1510,1460,1465,-15,4933900,7293614000,2454
BISI,--M-1135000000D232------------,1400,0,23 Agt 2022,1400,1375,1380,-20,422000,582653000,416
BJBR,--M-115F706000G111------------,1385,0,23 Agt 2022,1390,1365,1385,0,2332500,3222868000,1030
BJTM,--M-1155006000G111------------,720,0,23 Agt 2022,725,720,720,0,2590800,1867824000,1110
BKDP,--U-2130000000H111M-----------,83,0,23 Agt 2022,87,81,85,2,146200,12097100,46
BKSL,--U-1135000000H111------------,53,0,23 Agt 2022,53,51,52,-1,73531100,3824884700,1227
BKSW,--U-2115000000G111------------,113,0,23 Agt 2022,114,109,113,0,1577000,176035000,189
BLTA,--U-1135000000K211-----------X,50,0,23 Agt 2022,50,50,50,0,24100,1205000,5
BLTZ,--U-2135000000E514-----------X,2370,0,23 Agt 2022,0,0,2370,0,0,0,0
BLUE,--U-2130000000C223------------,286,0,23 Agt 2022,286,282,286,0,785200,222049400,147
BMAS,--U-2105000000G111------------,1325,0,23 Agt 2022,1325,1295,1300,-25,18400,23957500,27
BMHS,XDM-1135400000F121------------,580,0,23 Agt 2022,595,580,595,15,2694500,1577094500,365
BMRI,--MO1UQSPK6000G111------------,8525,8500,23 Agt 2022,8675,8450,8625,100,47776700,411281582500,6858
BMSR,--U-1130000000B111------------,815,0,23 Agt 2022,825,780,805,-10,1037400,829620500,363
BMTR,--M-1135440000C311------------,358,0,23 Agt 2022,370,354,362,4,80518700,29265037600,7977
BNBA,--U-1855000000G111------------,1825,0,23 Agt 2022,1880,1790,1790,-35,1450500,2625521500,331
BNBR,--U-2105000000C311-----------X,67,0,23 Agt 2022,69,63,69,2,902450400,59356456200,8800
BNGA,--M-115Q100000G111------------,1110,0,23 Agt 2022,1125,1100,1115,5,5031100,5607132500,1049
BNII,--M-110F006000G111------------,270,0,23 Agt 2022,270,268,268,-2,286400,77014600,143
BNLI,--U-1000000000G111------------,1190,0,23 Agt 2022,1200,1190,1195,5,70600,84310000,51
BOBA,--U-2130000000D222------------,194,0,23 Agt 2022,194,190,194,0,120300,23246300,60
BOGA,--U-2135000000E745------------,1340,0,23 Agt 2022,1350,1335,1340,0,87656300,117734805000,1420
BOLA,XDU-2105000000E514------------,388,0,23 Agt 2022,430,384,398,10,13879300,5669386000,1315
BOLT,--U-2135000000E111------------,865,0,23 Agt 2022,900,865,880,15,5800,5077000,13
BOSS,--U-2130000000A121-E---------X,54,0,23 Agt 2022,55,53,54,0,10926100,589183600,714
BPFI,--U-2105000000G211------------,665,0,23 Agt 2022,705,660,685,20,20300,13692500,19
BPII,--U-2105000000G511------------,7900,0,23 Agt 2022,0,0,7900,0,0,0,0
BPTR,--U-1100000000K132------------,197,0,23 Agt 2022,197,185,189,-8,777200,146224200,208
BRAM,--U-1135000000E112------------,7625,0,23 Agt 2022,7650,7350,7525,-100,1900,14290000,16
BRIS,--UO1SE4R50000G111------------,1570,1570,23 Agt 2022,1585,1540,1550,-20,15961600,24944021000,5639
BRMS,--U-2875500000B146------------,222,0,23 Agt 2022,234,222,228,6,219729000,50197756200,5294
BRNA,--U-2130000000B131------------,1055,0,23 Agt 2022,0,0,1055,0,0,0,0
BRPT,--MO1XDBF41000B111------------,885,885,23 Agt 2022,910,885,895,10,54523100,48829098500,12200
BSDE,--M-18AWM86000H111------------,945,0,23 Agt 2022,960,925,945,0,17608500,16643511000,2384
BSIM,--U-1105000000G111------------,605,0,23 Agt 2022,615,600,615,10,159600,97754000,55
BSML,--U-2105000000A122------------,1115,0,23 Agt 2022,1240,1075,1095,-20,3221300,3654661000,1298
BSSR,--M-2135000000A121------------,4290,0,23 Agt 2022,4420,4260,4400,110,2690700,11738487000,1812
BSWD,--U-2105000000G111-----------X,1750,0,23 Agt 2022,0,0,1750,0,0,0,0
BTEK,--U-2105000000D232-----------X,50,0,23 Agt 2022,50,50,50,0,600,30000,1
BTEL,--U-2105000000J321-E-----Y---X,50,0,23 Agt 2022,0,0,50,0,0,0,0
BTON,--U-2130000000B144------------,378,0,23 Agt 2022,400,378,400,22,106900,40667800,21
BTPN,--U-1105000000G111------------,2480,0,23 Agt 2022,2500,2480,2490,10,32000,79794000,13
BTPS,--M-18ECM36000G111------------,2960,0,23 Agt 2022,3000,2900,2980,20,1045800,3112185000,894
BUAH,--U-2130000000D112------------,530,0,23 Agt 2022,605,530,555,25,28680400,16206546500,6614
BUDI,--M-1135000000D222------------,210,0,23 Agt 2022,212,206,208,-2,2679000,557566600,331
BUKA,--MO2H45970000I111------------,314,310,23 Agt 2022,322,306,310,-4,452427700,141063397000,9940
BUKK,--U-2135000000J211------------,985,0,23 Agt 2022,990,960,990,5,11400,11094000,18
BULL,--U-2105000000A112---L---Y----,158,0,23 Agt 2022,159,153,157,-1,160250600,25155539900,1362
BUMI,--U-2105000000A121------------,137,0,23 Agt 2022,146,137,145,8,4282256400,610444695200,29026
BUVA,--U-2100000000E512---L---Y---X,60,0,23 Agt 2022,0,0,60,0,0,0,0
BVIC,XRU-1105000000G111------------,135,0,23 Agt 2022,142,133,142,7,21599500,3004869300,3565
BWPT,--U-1105000000D232------------,70,0,23 Agt 2022,74,69,73,3,107015500,7741917300,5789
BYAN,--U-1130000000A121------------,65075,0,23 Agt 2022,65075,64000,64175,-900,24500,1580637500,130
CAKK,--U-2130000000C121------------,192,0,23 Agt 2022,199,191,196,4,16724400,3256401000,1955
CAMP,XDU-1135000000D221------------,296,0,23 Agt 2022,298,292,296,0,594900,175910600,208
CANI,--U-2130000000A122-E---------X,97,0,23 Agt 2022,97,96,96,-1,700,67300,5
CARE,--U-2105000000F121---L---Y----,442,0,23 Agt 2022,448,440,442,0,236836600,105339772600,1725
CARS,--U-1100000000E745-----------X,50,0,23 Agt 2022,55,50,55,5,1436866400,77311261800,8308
CASA,--U-2105000000G511------------,885,0,23 Agt 2022,905,875,885,0,123547700,110189627500,1762
CASH,--U-3000000000I111------------,159,0,23 Agt 2022,160,158,160,1,469100,74719200,77
CASS,--U-2130000000J111------------,416,0,23 Agt 2022,418,398,418,2,336200,139343600,98
CBMF,--U-2130000000E211------------,50,0,23 Agt 2022,51,50,50,0,2402300,120115100,139
CCSI,--U-2130000000C131------------,660,0,23 Agt 2022,670,650,660,0,129900,85656500,247
CEKA,XDU-1135000000D222------------,2390,0,23 Agt 2022,2390,2320,2380,-10,141300,332454000,79
CENT,--U-2805000000J321------------,194,0,23 Agt 2022,196,188,190,-4,19940000,3802014400,5584
CFIN,--M-1105000000G211------------,312,0,23 Agt 2022,316,304,310,-2,6197300,1922300200,747
CHEM,--U-2130000000B111------------,113,0,23 Agt 2022,122,113,118,5,68205400,8113773900,8859
CINT,--U-2130000000E211------------,230,0,23 Agt 2022,230,230,230,0,7000,1610000,4
CITA,--U-2135000000B141------------,2940,0,23 Agt 2022,2940,2930,2940,0,1400,4114000,4
CITY,--U-1130000000H111------------,153,0,23 Agt 2022,153,153,153,0,10100,1545300,2
CLAY,--U-2105000000E512------------,675,0,23 Agt 2022,840,645,675,0,36500,24338000,68
CLEO,--M-1135000000D212------------,464,0,23 Agt 2022,468,462,468,4,6340400,2955001400,518
CLPI,XDU-2130000000B113------------,1000,0,23 Agt 2022,1000,995,1000,0,60200,59933500,91
CMNP,--U-1135000000J112------------,2030,0,23 Agt 2022,2050,2030,2030,0,4600,9366000,12
CMNT,--U-1105000000B121------------,970,0,23 Agt 2022,995,970,980,10,44596500,43862508000,845
CMPP,--U-2105000000K111-E---------X,244,0,23 Agt 2022,244,234,238,-6,1300400,309753200,425
CMRY,--M-1135100000D221------------,4400,0,23 Agt 2022,4500,4340,4380,-20,938600,4119745000,608
CNKO,--U-2100000000A122-E---------X,50,0,23 Agt 2022,50,50,50,0,1100,55000,2
CNTB,--U-2000000000E413-E---------X,250,0,23 Agt 2022,0,0,250,0,0,0,0
CNTX,--U-2100000000E413-E---------X,358,0,23 Agt 2022,356,340,356,-2,19900,6893400,61
COCO,--U-2130000000D222------------,234,0,23 Agt 2022,238,228,238,4,912300,215787800,108
COWL,--U-2100000000H111-EDL---Y---X,50,0,23 Agt 2022,0,0,50,0,0,0,0
CPIN,--MO1XN3Q36000D231------------,5950,5950,23 Agt 2022,6000,5875,5875,-75,4907700,29130300000,2151
CPRI,--U-2130000000H111-----------X,50,0,23 Agt 2022,0,0,50,0,0,0,0
CPRO,--U-2105000000D231------------,66,0,23 Agt 2022,67,65,65,-1,38959500,2557146400,1053
CRAB,--U-2130000000D231------------,292,0,23 Agt 2022,306,272,272,-20,110906800,31483155800,11886
CSAP,--U-1135000000E743------------,775,0,23 Agt 2022,790,770,785,10,78800,60895500,29
CSIS,--U-2130000000H111------------,76,0,23 Agt 2022,77,75,76,0,1705700,129553500,186
CSMI,--U-2135000000E515------------,3150,0,23 Agt 2022,0,0,3150,0,0,0,0
CSRA,--M-1135000000D232------------,650,0,23 Agt 2022,650,645,650,0,335800,217276000,121
CTBN,--U-1135000000B144-----------X,1900,0,23 Agt 2022,1900,1830,1830,-70,300,558000,3
CTRA,XDM-183CM80000H111------------,940,0,23 Agt 2022,975,915,960,20,14285400,13781454000,2330
CTTH,--U-2100000000C121-----------X,50,0,23 Agt 2022,50,50,50,0,3000,150000,1
DADA,--U-2130000000H111-----------X,50,0,23 Agt 2022,50,50,50,0,16900,845000,16
DART,--U-1100000000H111------------,212,0,23 Agt 2022,212,210,212,0,5800,1219400,8
DAYA,--U-2130000000D111------------,228,0,23 Agt 2022,232,228,230,2,1100,251600,6
DCII,--U-2100000000I121------------,35850,0,23 Agt 2022,0,0,35850,0,0,0,0
DEAL,--U-2100000000K211-E---------X,50,0,23 Agt 2022,50,50,50,0,121500,6075000,7
DEFI,--U-2100000000G211--D----Y---X,1455,0,23 Agt 2022,0,0,1455,0,0,0,0
DEPO,--M-1135000000E743------------,458,0,23 Agt 2022,460,452,460,2,304000,138875600,88
DEWA,--U-1135000000A132------------,72,0,23 Agt 2022,74,67,70,-2,1268467800,88934653700,11058
DEWI,--U-2130000000D231------------,204,0,23 Agt 2022,232,200,208,4,235419600,50349832200,21802
DFAM,--U-2100000000E512------------,120,0,23 Agt 2022,122,118,120,0,2055400,246669800,330
DGIK,--U-1130000000J211------------,120,0,23 Agt 2022,119,113,115,-5,43380900,5028320200,2372
DGNS,--U-2130000000F121------------,290,0,23 Agt 2022,298,284,292,2,3101600,899174400,611
DIGI,--U-2130000000E614------------,50,0,23 Agt 2022,50,50,50,0,3823900,191195000,166
DILD,--M-1175000000H111------------,185,0,23 Agt 2022,187,176,177,-8,63038300,11341073000,3565
DIVA,--U-2135000000I111------------,865,0,23 Agt 2022,870,840,865,0,93200,80250000,93
DKFT,--U-2130000000B146------------,130,0,23 Agt 2022,133,128,129,-1,12138400,1577473200,576
DLTA,--U-1105000000D211------------,3830,0,23 Agt 2022,3900,3810,3820,-10,164400,628305000,231
DMAS,--M-1135846000H111------------,175,0,23 Agt 2022,175,164,174,-1,14756800,2564107800,1649
DMMX,--U-2835530000I121------------,1295,0,23 Agt 2022,1300,1260,1275,-20,1251600,1597201000,881
DMND,--U-1135000000D112------------,820,0,23 Agt 2022,825,805,825,5,1800,1457000,18
DNAR,--U-1105000000G111------------,176,0,23 Agt 2022,186,175,186,10,4893400,895472000,794
DNET,--U-2100000000G512------------,3570,0,23 Agt 2022,3600,3460,3600,30,19100,67115000,58
DOID,--M-1815560000A132------------,358,0,23 Agt 2022,378,358,372,14,59726100,22083271800,3667
DPNS,--U-1130000000B113------------,390,0,23 Agt 2022,392,386,390,0,109500,42631000,52
DPUM,--U-2100000000D231M----------X,50,0,23 Agt 2022,0,0,50,0,0,0,0
DRMA,--M-1135000000E111------------,680,0,23 Agt 2022,695,665,685,5,50284700,34244979000,1539
DSFI,--U-1130000000D231------------,91,0,23 Agt 2022,92,90,90,-1,11171000,1023224300,4186
DSNG,--M-18G5M16000D232------------,530,0,23 Agt 2022,530,515,525,-5,20819400,10955072500,755
DSSA,--U-1135000000A121------------,33000,0,23 Agt 2022,33000,32750,32750,-250,1400,45975000,6
DUCK,--U-2100000000E515---L---Y---X,176,0,23 Agt 2022,0,0,176,0,0,0,0
DUTI,--U-2135000000H111------------,4100,0,23 Agt 2022,4100,4070,4070,-30,2800,11417000,13
DVLA,--U-1135000000F211------------,2570,0,23 Agt 2022,2620,2500,2560,-10,90500,229761000,121
DWGL,--U-2135000000A122------------,204,0,23 Agt 2022,254,204,246,42,2994200,719773000,867
DYAN,--U-1100000000C224------------,75,0,23 Agt 2022,75,73,75,0,265800,19646000,70
EAST,XDU-2130000000E512------------,94,0,23 Agt 2022,99,93,94,0,20120800,1935515200,6292
ECII,--U-2130000000E742------------,540,0,23 Agt 2022,545,540,540,0,2900,1578500,4
EDGE,--U-2135000000I121------------,20000,0,23 Agt 2022,19400,19000,19400,-600,2200,41975000,13
EKAD,CAU-1130000000B113------------,282,0,23 Agt 2022,288,280,288,6,1272400,361934200,302
ELPI,--U-1130000000K211------------,278,0,23 Agt 2022,280,272,274,-4,28409100,7835950000,5096
ELSA,XDM-183FD56000A131------------,300,0,23 Agt 2022,326,300,318,18,219949700,69811224000,14201
ELTY,--U-2105000000H111---L---Y---X,50,0,23 Agt 2022,0,0,50,0,0,0,0
EMDE,--U-2130000000H111------------,148,0,23 Agt 2022,151,150,151,3,39800,6008000,11
EMTK,--MO1XD0F26000I111------------,1845,1840,23 Agt 2022,1895,1840,1885,40,17274500,32369120000,5402
ENAK,--U-2135000000E515------------,1825,0,23 Agt 2022,1845,1780,1805,-20,4886300,8855249000,1057
ENRG,--U-2875560000A111------------,250,0,23 Agt 2022,260,234,236,-14,258490900,62483170000,9743
ENVY,--U-2100000000I121---LS--Y---X,50,0,23 Agt 2022,0,0,50,0,0,0,0
ENZO,--U-2130000000D231------------,53,0,23 Agt 2022,54,53,54,1,3322800,177285100,100
EPAC,--U-2130000000B131M-----------,50,0,23 Agt 2022,50,50,50,0,700,35000,4
EPMT,--U-2135000000D111------------,2790,0,23 Agt 2022,2800,2740,2760,-30,39200,107801000,67
ERAA,--MO1S7EMK1000E742------------,494,494,23 Agt 2022,498,492,494,0,24794100,12268252000,2542
ERTX,XDU-2100000000E411------------,197,0,23 Agt 2022,198,196,198,1,2700,532700,8
ESIP,--M-2130000000B131------------,77,0,23 Agt 2022,77,75,76,-1,6286000,477205800,749
ESSA,--M-1805520000B111------------,1050,0,23 Agt 2022,1085,1035,1065,15,53885600,57502097500,5880
ESTA,--U-2100000000E512------------,202,0,23 Agt 2022,212,199,204,2,15217300,3113340700,2568
ESTI,--U-1130000000E413------------,83,0,23 Agt 2022,84,82,83,0,1178700,97568600,224
ETWA,--U-2100000000A221-E---------X,62,0,23 Agt 2022,0,0,62,0,0,0,0
EURO,--U-3000000000D421------------,71,0,23 Agt 2022,71,69,69,-2,4285300,301421100,427
EXCL,--MO1S3TM40000J321------------,2530,2540,23 Agt 2022,2680,2540,2660,130,39933600,105045439000,8865
FAPA,--U-2105000000D232------------,3730,0,23 Agt 2022,3750,3730,3750,20,17300,64643000,11
FAST,--U-2135000000E515------------,945,0,23 Agt 2022,955,950,950,5,600,571000,6
FASW,--U-1105000000B131------------,6450,0,23 Agt 2022,0,0,6450,0,0,0,0
FILM,--U-1135400000E621------------,2890,0,23 Agt 2022,2930,2790,2920,30,16404300,47345947000,2400
FIMP,--U-3000000000J211-------Y----,51,0,23 Agt 2022,52,50,51,0,6416700,326980000,169
FIRE,--U-2130000000A122------------,210,0,23 Agt 2022,212,206,210,0,103900,21508400,59
FISH,--U-2135000000D232------------,7300,0,23 Agt 2022,0,0,7300,0,0,0,0
FITT,--U-2130000000E512------------,202,0,23 Agt 2022,204,202,202,0,402600,81326000,33
FLMC,--U-3000000000D421---L---Y----,79,0,23 Agt 2022,0,0,79,0,0,0,0
FMII,--U-2130000000H111------------,328,0,23 Agt 2022,330,312,324,-4,2100,676600,19
FOOD,--U-2130000000D222------------,109,0,23 Agt 2022,112,108,110,1,294900,32267600,48
FORU,--U-2100000000E611------------,320,0,23 Agt 2022,326,312,316,-4,2701100,860705200,766
FORZ,--U-2100000000H111---L---Y---X,50,0,23 Agt 2022,0,0,50,0,0,0,0
FPNI,--U-2135000000B111------------,368,0,23 Agt 2022,370,362,368,0,1959800,716962000,433
FREN,--U-1135000000J321------------,98,0,23 Agt 2022,100,92,99,1,3505801300,331524804300,32277
FUJI,--U-2100000000G211------------,640,0,23 Agt 2022,660,630,660,20,20000,13191500,4
GAMA,--U-1130000000H111-----------X,50,0,23 Agt 2022,50,50,50,0,2500,125000,1
GDST,--U-2130000000B144------------,121,0,23 Agt 2022,123,118,121,0,6312100,762240400,311
GDYR,--U-1130000000E112------------,1300,0,23 Agt 2022,1300,1280,1280,-20,7000,9021000,7
GEMA,--U-2130000000E211------------,336,0,23 Agt 2022,336,314,320,-16,5000,1604200,31
GEMS,--U-1135000000A121------------,6550,0,23 Agt 2022,6675,6550,6625,75,39800,263022500,48
GGRM,--M-1800570000D311------------,25200,0,23 Agt 2022,25300,25075,25150,-50,968200,24366967500,2057
GGRP,--M-2135000000B144------------,590,0,23 Agt 2022,640,590,615,25,447800,270981000,223
GHON,--U-1135000000J321------------,2190,0,23 Agt 2022,2190,2160,2180,-10,3100,6761000,10
GIAA,--U-2105000000K111ME---------X,222,0,23 Agt 2022,0,0,222,0,0,0,0
GJTL,--M-1135000000E112------------,695,0,23 Agt 2022,695,680,685,-10,2724100,1868595500,652
GLOB,--U-2100000000E742-E---------X,144,0,23 Agt 2022,149,134,149,5,53300,7531800,43
GLVA,--U-2130000000I231------------,296,0,23 Agt 2022,318,296,306,10,72700,22117800,48
GMFI,--U-2105000000J111-E-----Y---X,73,0,23 Agt 2022,74,73,73,0,293000,21454500,48
GMTD,--U-2135000000H111-----------X,14525,0,23 Agt 2022,0,0,14525,0,0,0,0
GOLD,--U-2130000000J321------------,336,0,23 Agt 2022,332,328,332,-4,600,198800,4
GOLL,--U-2100000000D232B-DL---Y---X,50,0,23 Agt 2022,0,0,50,0,0,0,0
GOOD,XDM-1135006000D222------------,540,0,23 Agt 2022,545,535,545,5,4742600,2557121000,468
GOTO,--UO1H40500000I111----------N-,320,322,23 Agt 2022,336,322,326,6,533231400,174905505600,13126
GPRA,XDU-1130000000H111------------,82,0,23 Agt 2022,83,79,79,-3,19777100,1582690100,832
GPSO,--U-2130000000C143------------,109,0,23 Agt 2022,112,108,110,1,997800,110660400,253
GSMF,--U-2105000000G511------------,82,0,23 Agt 2022,82,80,82,0,95700,7812500,28
GTBO,--U-2100000000A121---LS--Y---X,75,0,23 Agt 2022,0,0,75,0,0,0,0
GTSI,--U-1130000000A112------------,65,0,23 Agt 2022,69,64,68,3,47307700,3196211900,5339
GULA,--U-2130000000D222------------,212,0,23 Agt 2022,226,210,218,6,10592400,2323862400,1768
GWSA,--U-1135000000H111------------,158,0,23 Agt 2022,161,155,159,1,197200,30814100,43
GZCO,--U-1130000000D232------------,142,0,23 Agt 2022,151,142,147,5,34144400,5013243200,3656
HADE,--U-2100000000J421-----------X,50,0,23 Agt 2022,0,0,50,0,0,0,0
HAIS,--M-1130000000K211------------,248,0,23 Agt 2022,250,238,244,-4,24466500,5999210400,1661
HATM,--U-2130000000K211------------,446,0,23 Agt 2022,472,436,448,2,62912100,28707101600,10885
HDFA,--U-1105000000G211------------,164,0,23 Agt 2022,164,154,164,0,15300,2475000,13
HDIT,--U-1130000000I111------------,72,0,23 Agt 2022,73,67,72,0,3320800,233625200,273
HDTX,--U-2100000000E413-E---------X,120,0,23 Agt 2022,0,0,120,0,0,0,0
HEAL,--M-1M3FM31000F121------------,1415,0,23 Agt 2022,1430,1390,1410,-5,30702200,43302588500,4361
HELI,--U-2100000000K111------------,286,0,23 Agt 2022,282,280,282,-4,31000,8722000,30
HERO,--U-1135000000D113------------,1645,0,23 Agt 2022,1645,1600,1645,0,14200,22749000,12
HEXA,--U-1135200000C141------------,6225,0,23 Agt 2022,6275,6225,6275,50,161500,1010020000,253
HITS,--U-1135000000A112------------,625,0,23 Agt 2022,650,615,635,10,138600,87015500,38
HKMU,--U-1100000000B141------------,50,0,23 Agt 2022,50,50,50,0,27700,1385000,14
HMSP,--MO1H00CD0000D311------------,920,920,23 Agt 2022,920,910,910,-10,11022200,10061588500,1768
HOKI,XDM-1135000000D222------------,132,0,23 Agt 2022,133,129,130,-2,7098400,923661000,952
HOME,--U-2105000000E512--AL---Y---X,50,0,23 Agt 2022,0,0,50,0,0,0,0
HOMI,--U-2130000000H111------------,635,0,23 Agt 2022,685,625,685,50,27921200,18483285000,3996
HOPE,--U-2130000000C141------------,69,0,23 Agt 2022,71,69,70,1,10816200,759438900,942
HOTL,--U-1100000000E512---L---Y---X,50,0,23 Agt 2022,0,0,50,0,0,0,0
HRME,--U-2130000000E512------------,53,0,23 Agt 2022,54,53,53,0,1314200,69659100,51
HRTA,--M-1100000000E411------------,206,0,23 Agt 2022,208,206,206,0,2625700,542581400,215
HRUM,--MO1SKCMA0000A121------------,1580,1580,23 Agt 2022,1680,1580,1665,85,74462800,122600312500,10808
IATA,--U-2105000000A121-E---------X,141,0,23 Agt 2022,146,140,145,4,42586400,6118544200,3229
IBFN,--U-2100000000G211-ED--------X,97,0,23 Agt 2022,0,0,97,0,0,0,0
IBOS,--U-3000000000D222------------,102,0,23 Agt 2022,103,99,99,-3,17198500,1736984700,543
IBST,XDU-1135000000J321------------,8125,0,23 Agt 2022,8825,7600,8825,700,2800,22052500,10
ICBP,XDMO1SDAF06000D222------------,8725,8775,23 Agt 2022,8850,8750,8800,75,4274600,37640350000,2401
ICON,--M-2130000000C224------------,71,0,23 Agt 2022,71,69,70,-1,431000,29920300,42
IDEA,--U-3000000000E521------------,61,0,23 Agt 2022,62,59,62,1,122900,7496800,10
IDPR,--U-1130000000J211------------,173,0,23 Agt 2022,173,168,172,-1,114100,19305300,47
IFII,--U-1135000000B151------------,151,0,23 Agt 2022,153,152,152,1,84900,12954800,25
IFSH,--U-2135000000B146------------,1270,0,23 Agt 2022,1270,1225,1225,-45,1400,1728500,8
IGAR,--U-1130000000B131------------,488,0,23 Agt 2022,492,486,490,2,106100,51888800,31
IIKP,--U-2135000000E321-----------X,50,0,23 Agt 2022,0,0,50,0,0,0,0
IKAI,--U-1130000000E512-----------X,50,0,23 Agt 2022,50,50,50,0,100,5000,1
IKAN,--U-2130000000D231------------,72,0,23 Agt 2022,73,71,72,0,1711300,123123300,161
IKBI,--U-2130000000C131------------,214,0,23 Agt 2022,214,210,214,0,1800,383200,6
IMAS,XDM-1105000000E745------------,865,0,23 Agt 2022,875,855,860,-5,1339600,1157091000,362
IMJS,XDM-1105000000G211------------,322,0,23 Agt 2022,326,322,326,4,916700,297371200,149
IMPC,--U-2135006000C121------------,3810,0,23 Agt 2022,3860,3800,3850,40,4557800,17516819000,594
INAF,--U-1135000000F211------------,1070,0,23 Agt 2022,1095,1070,1080,10,106000,114373000,76
INAI,--U-2100000000B141------------,306,0,23 Agt 2022,310,306,310,4,1300,399000,6
INCF,--U-2100000000B153------------,54,0,23 Agt 2022,57,52,56,2,17585300,966836300,955
INCI,--U-1130000000B111------------,690,0,23 Agt 2022,695,670,690,0,41400,28049000,53
INCO,--MO1XNAF06000B146------------,6200,6225,23 Agt 2022,6325,6200,6250,50,14627700,91887260000,5523
INDF,XDMO1XNAQ16000D222------------,6650,6650,23 Agt 2022,6650,6600,6650,0,4805600,31900140000,2277
INDO,--U-2100000000H112------------,104,0,23 Agt 2022,106,98,103,-1,5788700,584791400,582
INDR,--U-1135000000E413------------,7675,0,23 Agt 2022,7800,7575,7650,-25,86300,659952500,151
INDS,--U-1135000000E111------------,2090,0,23 Agt 2022,2100,2080,2100,10,1700,3562000,7
INDX,--U-2130000000C232------------,212,0,23 Agt 2022,218,208,214,2,1208000,255113000,418
INDY,XDMO1H05960000A121------------,2740,2780,23 Agt 2022,2870,2750,2840,100,20592700,58249201000,5301
INKP,--MO1XDQM16000B152M-----------,7925,7900,23 Agt 2022,8075,7850,8050,125,5068600,40656557500,3024
INOV,XDM-2100000000E413------------,172,0,23 Agt 2022,173,170,173,1,352900,60617700,115
INPC,--U-1105000000G111------------,89,0,23 Agt 2022,91,89,89,0,1638400,146316900,107
INPP,--U-2105000000H111-----------X,398,0,23 Agt 2022,420,398,420,22,11700,4679800,14
INPS,--U-2100000000A112-----------X,905,0,23 Agt 2022,890,890,890,-15,400,356000,1
INRU,--U-2100000000B152------------,565,0,23 Agt 2022,570,570,570,5,100,57000,1
INTA,--U-2100000000C141-ED--------X,74,0,23 Agt 2022,0,0,74,0,0,0,0
INTD,--U-2130000000B152------------,198,0,23 Agt 2022,198,194,196,-2,9700,1912900,10
INTP,--MO1SATM36000B121------------,9225,9275,23 Agt 2022,9450,9225,9275,50,4323200,40320002500,2456
IPAC,--U-3000000000H111------------,119,0,23 Agt 2022,124,119,124,5,18900,2289400,20
IPCC,--M-1135050000J113------------,550,0,23 Agt 2022,560,545,545,-5,1451500,801097500,314
IPCM,--M-1135000000J113------------,290,0,23 Agt 2022,290,284,288,-2,775900,222639000,190
IPOL,--U-1135000000B131------------,160,0,23 Agt 2022,160,158,159,-1,142100,22566700,35
IPPE,--U-2835000000D232------------,264,0,23 Agt 2022,264,254,258,-6,7201900,1854673800,1076
IPTV,--U-1835400000E613------------,95,0,23 Agt 2022,97,95,95,0,18787300,1790648600,1165
IRRA,XDM-2835400000F112------------,1255,0,23 Agt 2022,1260,1235,1260,5,4928300,6141501000,1478
ISAT,--M-1838F20000J321------------,7200,0,23 Agt 2022,7325,7200,7250,50,7491800,54416305000,2867
ISSP,--M-1135400000B144------------,278,0,23 Agt 2022,282,270,274,-4,5944000,1627257600,981
ITIC,--U-2100000000D311------------,290,0,23 Agt 2022,296,290,296,6,298400,87422200,70
ITMA,--U-2130000000A132------------,595,0,23 Agt 2022,620,595,620,25,77200,47355500,88
ITMG,XDMO1SDPUG0000A121------------,36950,36950,23 Agt 2022,38325,36950,38250,1300,4437100,168396665000,6346
JARR,--U-2100000000D232------------,482,0,23 Agt 2022,488,460,462,-20,27409200,12915169600,4596
JAST,--U-2130000000J311------------,111,0,23 Agt 2022,111,104,106,-5,7950200,850296200,791
JAWA,--U-1100000000D232------------,144,0,23 Agt 2022,144,134,136,-8,6684900,915922500,1233
JAYA,--M-2130000000K211------------,128,0,23 Agt 2022,129,126,126,-2,6969300,883727500,830
JECC,--U-2130000000C131------------,4890,0,23 Agt 2022,0,0,4890,0,0,0,0
JGLE,--U-2135000000E514-----------X,50,0,23 Agt 2022,50,50,50,0,100,5000,1
JIHD,--U-2130000000E512------------,382,0,23 Agt 2022,384,366,382,0,381900,144532600,365
JKON,--M-1135000000J211------------,106,0,23 Agt 2022,111,104,111,5,31669700,3464506100,1465
JKSW,--U-2100000000B121-E--S------X,60,0,23 Agt 2022,0,0,60,0,0,0,0
JMAS,--U-2130000000G413------------,100,0,23 Agt 2022,101,99,100,0,61500,6099400,22
JPFA,--MO1SA5M16000D231------------,1590,1585,23 Agt 2022,1605,1580,1585,-5,9508500,15118369500,3003
JRPT,--M-1135000000H111------------,480,0,23 Agt 2022,480,476,480,0,1061700,508172800,143
JSKY,--U-1100000000A211---L---Y----,52,0,23 Agt 2022,0,0,52,0,0,0,0
JSMR,--M-182UL46000J112------------,3500,0,23 Agt 2022,3540,3480,3490,-10,3639400,12773574000,1492
JSPT,--U-2135000000E512-----------X,805,0,23 Agt 2022,805,805,805,0,100,80500,1
JTPE,--U-2135000000C221------------,274,0,23 Agt 2022,286,274,286,12,14851600,4142123200,285
KAEF,--M-1135050000F211------------,1395,0,23 Agt 2022,1460,1390,1420,25,1784500,2538288000,1126
KARW,--U-2130000000J113-E---------X,79,0,23 Agt 2022,80,76,79,0,525700,41114400,155
KAYU,--U-2130000000B151-----------X,50,0,23 Agt 2022,50,50,50,0,251300,12565000,4
KBAG,--U-2130000000H111------------,50,0,23 Agt 2022,50,50,50,0,1435600,71780000,101
KBLI,--M-1135000000C131------------,318,0,23 Agt 2022,322,314,320,2,347900,111152200,51
KBLM,--M-2130000000C131------------,254,0,23 Agt 2022,256,252,252,-2,312000,79211400,94
KBLV,--U-2100000000J311------------,193,0,23 Agt 2022,202,193,197,4,627100,124292500,129
KBRI,--U-2100000000B152---LS--Y---X,50,0,23 Agt 2022,0,0,50,0,0,0,0
KDSI,--U-2130000000B131------------,1005,0,23 Agt 2022,1005,995,1005,0,90800,90735000,41
KEEN,--M-1135000000J411------------,500,0,23 Agt 2022,535,510,525,25,2438600,1284439500,291
KEJU,--U-2135000000D221------------,1500,0,23 Agt 2022,1500,1480,1500,0,40500,60072000,30
KIAS,--U-2130000000C121-----------X,50,0,23 Agt 2022,50,50,50,0,100,5000,1
KICI,--U-1130000000E213------------,183,0,23 Agt 2022,186,178,182,-1,116700,21000700,84
KIJA,--U-1135000000H111------------,163,0,23 Agt 2022,163,160,162,-1,2484300,400274200,513
KINO,--M-1135000000D421------------,2250,0,23 Agt 2022,2320,2250,2300,50,203400,467210000,242
KIOS,--U-2130000000I111------------,565,0,23 Agt 2022,580,530,540,-25,32565000,18209239500,5476
KJEN,--U-2130000000K211------------,100,0,23 Agt 2022,101,98,100,0,2109000,210480300,297
KKES,--U-2130000000B111------------,137,0,23 Agt 2022,153,131,152,15,385736400,56165161500,20449
KKGI,--M-1135000000A121------------,620,0,23 Agt 2022,640,615,640,20,11596000,7295557000,2248
KLBF,--MO1XNAQ36000F211------------,1610,1630,23 Agt 2022,1645,1625,1625,15,49113600,80259123000,3768
KLIN,--U-3000000000E743------------,70,0,23 Agt 2022,72,65,69,-1,15560200,1089242200,1442
KMDS,--U-2130000000D112------------,580,0,23 Agt 2022,600,580,600,20,20200,11843500,21
KMTR,--U-2105000000B153------------,280,0,23 Agt 2022,290,280,280,0,16200,4568800,10
KOBX,--M-1135000000C141------------,350,0,23 Agt 2022,356,340,354,4,2125000,741313000,690
KOIN,--U-2130000000C121------------,152,0,23 Agt 2022,160,152,152,0,1800,280800,3
KONI,--U-2130000000C223------------,1490,0,23 Agt 2022,1490,1470,1490,0,300,445000,3
KOPI,--U-2130000000A112------------,520,0,23 Agt 2022,615,488,515,-5,47600,27100300,101
KOTA,--U-1130000000H111------------,50,0,23 Agt 2022,50,50,50,0,30200,1510000,26
KPAL,--U-2100000000C141M--L---Y---X,50,0,23 Agt 2022,0,0,50,0,0,0,0
KPAS,--U-2100000000D421---L---Y---X,62,0,23 Agt 2022,0,0,62,0,0,0,0
KPIG,--M-2135400000E512------------,89,0,23 Agt 2022,90,88,89,0,25572800,2276310600,548
KRAH,--U-2100000000C143B--L---Y---X,436,0,23 Agt 2022,0,0,436,0,0,0,0
KRAS,--U-1105000000B144------------,380,0,23 Agt 2022,402,380,392,12,34002600,13399980800,2159
KREN,--U-1130000000I111------------,50,0,23 Agt 2022,50,50,50,0,37100,1855000,19
KRYA,--U-2130000000J211------------,206,0,23 Agt 2022,234,194,218,12,330174700,70584108300,25536
KUAS,--U-2130000000C121------------,73,0,23 Agt 2022,73,72,72,-1,9488000,685285400,303
LABA,--U-2130000000C143------------,162,0,23 Agt 2022,175,161,162,0,18974800,3196928600,2787
LAND,--U-2130000000H111------------,127,0,23 Agt 2022,130,119,119,-8,64078900,7815837800,4686
LAPD,--U-2100000000J411-ED-S------X,50,0,23 Agt 2022,0,0,50,0,0,0,0
LCGP,--U-2100000000H111---L---Y---X,114,0,23 Agt 2022,0,0,114,0,0,0,0
LCKM,--U-2130000000J321-----------X,298,0,23 Agt 2022,298,282,294,-4,12900,3767000,26
LEAD,--U-1100000000A112------------,51,0,23 Agt 2022,52,50,51,0,2997600,152912100,175
LFLO,--U-3000000000E211------------,70,0,23 Agt 2022,70,67,69,-1,57400,3957900,33
LIFE,--U-1105000000G413------------,5975,0,23 Agt 2022,5975,5975,5975,0,100,597500,1
LINK,--M-183C400000J311------------,4660,0,23 Agt 2022,4660,4630,4660,0,2153500,9985566000,501
LION,--U-1130000000C223------------,396,0,23 Agt 2022,400,370,386,-10,44900,17245400,45
LMAS,--U-2100000000I121---L---Y----,50,0,23 Agt 2022,0,0,50,0,0,0,0
LMPI,--U-2130000000E213------------,164,0,23 Agt 2022,164,163,164,0,1400,229000,5
LMSH,--U-2130000000B144------------,735,0,23 Agt 2022,700,685,685,-50,5800,3986500,19
LPCK,--M-1135000000H111------------,1270,0,23 Agt 2022,1270,1220,1270,0,215600,269085000,161
LPGI,--U-1100000000G412------------,4960,0,23 Agt 2022,5000,4960,4980,20,5100,25391000,17
LPIN,--M-2130000000E111------------,440,0,23 Agt 2022,444,430,430,-10,396300,171390800,199
LPKR,--U-1835800000H111------------,113,0,23 Agt 2022,115,111,114,1,30682300,3481176300,1742
LPLI,--U-2100000000H111------------,294,0,23 Agt 2022,290,282,282,-12,223600,63402000,9
LPPF,--U-1835MB1000E731------------,4000,0,23 Agt 2022,4130,4000,4100,100,1065000,4360562000,1076
LPPS,--U-2100000000G512------------,93,0,23 Agt 2022,95,93,93,0,54600,5107400,16
LRNA,--U-2130000000K132------------,193,0,23 Agt 2022,194,191,194,1,8000,1547500,14
LSIP,XDM-187CM70000D232------------,1200,0,23 Agt 2022,1215,1180,1185,-15,12838300,15369220000,2348
LTLS,--M-1135000000B111------------,1310,0,23 Agt 2022,1310,1280,1290,-20,160100,206175500,190
LUCK,--U-2130000000I221------------,204,0,23 Agt 2022,212,204,206,2,291400,59817800,101
LUCY,--U-3000000000E515------------,202,0,23 Agt 2022,204,198,200,-2,13473600,2715062500,712
MABA,--U-2100000000E512--DL---Y---X,50,0,23 Agt 2022,0,0,50,0,0,0,0
MAGP,--U-2100000000D232---L---Y---X,50,0,23 Agt 2022,0,0,50,0,0,0,0
MAIN,--M-1135000000D231------------,615,0,23 Agt 2022,630,615,620,5,1220600,762041000,271
MAMI,--U-2100000000E512---L---Y---X,50,0,23 Agt 2022,0,0,50,0,0,0,0
MAMIP,--U-2100000000E512---L---Y---X,600,0,23 Agt 2022,0,0,600,0,0,0,0
MAPA,--M-1135000000E741------------,3320,0,23 Agt 2022,3370,3280,3320,0,505000,1675119000,361
MAPB,--U-2135000000E515------------,1535,0,23 Agt 2022,1515,1500,1510,-25,10200,15439500,10
MAPI,--M-183CMB0000E741------------,1020,0,23 Agt 2022,1035,1000,1015,-5,19785600,20135747500,2548
MARI,--U-2800000000E612------------,204,0,23 Agt 2022,206,191,198,-6,53108200,10585720300,5388
MARK,--M-1135000000C143------------,910,0,23 Agt 2022,920,905,915,5,14777300,13538039500,2527
MASA,--U-1135000000E112------------,3040,0,23 Agt 2022,3040,3040,3040,0,1300,3952000,6
MASB,--U-2105000000G111------------,3450,0,23 Agt 2022,3470,3460,3470,20,41500,143961000,12
MAYA,--U-1105000000G111------------,570,0,23 Agt 2022,580,540,575,5,1784700,996576500,225
MBAP,--U-2135000000A121------------,8100,0,23 Agt 2022,8250,8000,8125,25,182000,1474132500,349
MBSS,--M-1135000000A122------------,1005,0,23 Agt 2022,1025,1000,1025,20,428900,437358500,232
MBTO,--U-1130000000D421------------,115,0,23 Agt 2022,115,112,112,-3,55100,6233300,14
MCAS,--U-2135000000I111------------,11475,0,23 Agt 2022,11575,10925,11500,25,268300,3004302500,371
MCOL,--M-1135000000A121------------,6775,0,23 Agt 2022,6875,6725,6825,50,522900,3544100000,210
MCOR,--M-1105000000G111------------,94,0,23 Agt 2022,94,93,93,-1,3083100,286967000,91
MDIA,--U-2105000000E612---L---Y---X,50,0,23 Agt 2022,0,0,50,0,0,0,0
MDKA,--UO1XDDF21000B143------------,4140,4180,23 Agt 2022,4210,4130,4150,10,48810500,203526002000,9116
MDKI,--U-1130000000B111------------,196,0,23 Agt 2022,197,194,195,-1,201600,39402900,95
MDLN,--U-1105000000H111------------,109,0,23 Agt 2022,113,106,111,2,48415700,5331997900,3028
MDRN,--U-2100000000C223-E-----Y---X,50,0,23 Agt 2022,50,50,50,0,20300,1015000,2
MEDC,XAMO1H0M960000A111------------,615,665,23 Agt 2022,740,665,735,120,549842400,390109766000,28331
MEDS,--U-2130000000F112------------,476,0,23 Agt 2022,520,444,444,-32,104808500,48605988300,17830
MEGA,--U-1100000000G111------------,5100,0,23 Agt 2022,5125,5100,5100,0,12100,61720000,13
MERK,--U-2135000000F211------------,4990,0,23 Agt 2022,5050,5000,5000,10,28700,143515000,33
META,--U-1135000000J112------------,130,0,23 Agt 2022,135,126,130,0,37210700,4903034700,5089
MFIN,--U-2105000000G211------------,1575,0,23 Agt 2022,1575,1540,1560,-15,18600,28972500,36
MFMI,--U-2130000000C224------------,705,0,23 Agt 2022,735,705,735,30,8700,6266000,33
MGLV,--U-3000000000E211------------,128,0,23 Agt 2022,135,121,132,4,32900,4311200,47
MGNA,XRU-2130000000G512-E--S------X,50,0,23 Agt 2022,0,0,50,0,0,0,0
MGRO,--U-1105000000D232------------,900,0,23 Agt 2022,905,885,905,5,4161600,3752959500,229
MICE,--U-2130000000E213------------,510,0,23 Agt 2022,515,498,510,0,49300,24753300,69
MIDI,--U-2135000000D113------------,2150,0,23 Agt 2022,2380,2150,2160,10,10100,22208000,21
MIKA,--MO1S35MD1000F121------------,2560,2560,23 Agt 2022,2630,2560,2600,40,9904400,25784748000,860
MINA,--U-2130000000E512-----------X,50,0,23 Agt 2022,0,0,50,0,0,0,0
MIRA,--U-2130000000K211-----------X,50,0,23 Agt 2022,50,50,50,0,500,25000,3
MITI,--U-2130000000A112------------,156,0,23 Agt 2022,159,151,153,-3,2551100,390601700,384
MKNT,--U-2130000000E711-----------X,50,0,23 Agt 2022,0,0,50,0,0,0,0
MKPI,--U-2135000000H111-----------X,22650,0,23 Agt 2022,0,0,22650,0,0,0,0
MLBI,--U-1105000000D211------------,9100,0,23 Agt 2022,9125,9050,9125,25,24500,222887500,67
MLIA,--U-2135000000C121------------,615,0,23 Agt 2022,615,590,600,-15,21407100,12860632500,1283
MLPL,--M-1875400000C311------------,153,0,23 Agt 2022,156,150,153,0,18913400,2895184300,1278
MLPT,--U-1135000000I121------------,2400,0,23 Agt 2022,2430,2400,2420,20,258100,622082000,15
MMLP,--M-2875400000H111------------,464,0,23 Agt 2022,486,448,478,14,7546200,3538735200,1115
MNCN,--MO1X7CMK0000E612------------,915,915,23 Agt 2022,920,910,915,0,10606100,9706353000,1940
MOLI,--U-2100000000B111------------,256,0,23 Agt 2022,258,256,258,2,19000,4895000,12
MORA,--U-1130000000J311------------,565,0,23 Agt 2022,580,550,555,-10,14261900,7968323000,2312
MPMX,--M-1875B00000E745------------,1005,0,23 Agt 2022,1020,1000,1020,15,7740100,7836256500,1547
MPOW,--U-2130000000J411------------,107,0,23 Agt 2022,108,103,105,-2,4783000,500461900,680
MPPA,--U-1135000000D113------------,192,0,23 Agt 2022,194,187,193,1,16703000,3207081700,2198
MPRO,--U-2105000000H111------------,730,0,23 Agt 2022,780,680,720,-10,7700,5377500,17
MRAT,--M-1130000000D421------------,284,0,23 Agt 2022,296,282,292,8,1146000,333803800,283
MREI,--U-2105000000G414------------,3180,0,23 Agt 2022,3290,3190,3290,110,14300,46890000,14
MSIN,--U-1130000000E621------------,5450,0,23 Agt 2022,5600,5375,5575,125,4429000,24560660000,3179
MSKY,--U-1130000000E613------------,292,0,23 Agt 2022,298,292,292,0,735400,215913000,217
MTDL,--M-1835400000I221------------,635,0,23 Agt 2022,655,630,650,15,10797000,7002025000,1953
MTEL,--M-1830E00000J321------------,785,0,23 Agt 2022,785,775,785,0,51254400,40175798000,939
MTFN,--U-2135000000A112-E---------X,50,0,23 Agt 2022,0,0,50,0,0,0,0
MTLA,--U-1135000000H111------------,376,0,23 Agt 2022,376,370,376,0,44100,16520600,25
MTMH,--U-1135000000F121------------,2210,0,23 Agt 2022,2300,2200,2230,20,8871400,19911365000,454
MTPS,--U-2130000000J211----S------X,50,0,23 Agt 2022,50,50,50,0,19600,980000,5
MTRA,--U-2100000000J211--DL---Y---X,244,0,23 Agt 2022,0,0,244,0,0,0,0
MTSM,--U-2130000000H111------------,165,0,23 Agt 2022,166,156,166,1,12200,1965100,17
MTWI,--U-2100000000G412------------,134,0,23 Agt 2022,136,127,134,0,1103100,147367700,244
MYOH,--U-1135000000A132------------,1640,0,23 Agt 2022,1640,1620,1640,0,10200,16646000,11
MYOR,--M-117R800000D222------------,1890,0,23 Agt 2022,1935,1890,1900,10,7401800,14191036500,2752
MYRX,--U-2105000000H111B--L---Y---X,50,0,23 Agt 2022,0,0,50,0,0,0,0
MYRXP,--U-2100000000H111B--L---Y---X,50,0,23 Agt 2022,0,0,50,0,0,0,0
MYTX,--U-2100000000E413-E---------X,58,0,23 Agt 2022,60,54,55,-3,364300,19889100,55
NANO,--U-3000000000D421------------,50,0,23 Agt 2022,51,50,51,1,2862500,143459900,166
NASA,--U-2100000000E512------------,50,0,23 Agt 2022,50,50,50,0,800,40000,2
NASI,--U-2130000000D222------------,158,0,23 Agt 2022,158,148,152,-6,3961600,605617400,884
NATO,--U-2105000000E512------------,545,0,23 Agt 2022,570,545,560,15,237696100,132611297500,2204
NELY,--M-2130000000K211------------,288,0,23 Agt 2022,296,288,292,4,1144400,334879200,326
NETV,--U-2105000000E612------------,272,0,23 Agt 2022,284,270,276,4,3883500,1078709600,632
NFCX,--U-2135000000I111------------,8825,0,23 Agt 2022,8825,8625,8775,-50,34600,300945000,45
NICK,--U-2100000000G512------------,400,0,23 Agt 2022,404,390,400,0,17900,7127400,20
NICL,--U-2130000000B146------------,98,0,23 Agt 2022,101,97,100,2,18751100,1861709900,918
NIKL,--U-1135000000B146------------,825,0,23 Agt 2022,835,820,825,0,160300,132207500,90
NIPS,--U-2100000000E111B--L---Y---X,282,0,23 Agt 2022,0,0,282,0,0,0,0
NIRO,--U-2105000000H111---L---Y----,145,0,23 Agt 2022,154,137,147,2,21900,3212000,10
NISP,--M-1105000000G111------------,690,0,23 Agt 2022,695,675,675,-15,7365300,5015298500,795
NOBU,--M-1105000000G111------------,645,0,23 Agt 2022,670,640,650,5,365400,236782000,168
NPGF,--M-1130000000B112------------,54,0,23 Agt 2022,54,52,54,0,8313900,442218200,342
NRCA,--U-1130000000J211------------,310,0,23 Agt 2022,318,308,318,8,442500,138858200,99
NTBK,XDU-2130000000C141------------,50,0,23 Agt 2022,50,50,50,0,248200,12410000,32
NUSA,--U-2100000000E512---L---Y---X,50,0,23 Agt 2022,0,0,50,0,0,0,0
NZIA,--U-1130000000H111------------,133,0,23 Agt 2022,134,132,133,0,16400,2186900,16
OASA,--U-2100000000J321------------,620,0,23 Agt 2022,655,620,635,15,1957800,1239861500,430
OBMD,--M-2130000000B113------------,147,0,23 Agt 2022,152,148,151,4,972900,145924200,184
OCAP,--U-2100000000G511-ED-SC-----X,159,0,23 Agt 2022,0,0,159,0,0,0,0
OILS,--U-2130000000D232------------,210,0,23 Agt 2022,214,208,210,0,985800,208326200,169
OKAS,--U-2100000000B111------------,78,0,23 Agt 2022,82,78,79,1,4142700,330385700,349
OLIV,--U-3000000000E211-------Y----,41,0,23 Agt 2022,45,37,37,-4,172056600,6653413000,6509
OMRE,--U-2130000000H111-----------X,510,0,23 Agt 2022,0,0,510,0,0,0,0
OPMS,--U-2130000000B144------------,109,0,23 Agt 2022,113,108,109,0,1016900,111860300,413
PADI,--U-1100000000G312-----------X,50,0,23 Agt 2022,50,50,50,0,400,20000,2
PALM,--U-2135000000D232----S------X,870,0,23 Agt 2022,895,835,845,-25,3832200,3295657500,876
PAMG,--U-1130000000H111------------,84,0,23 Agt 2022,85,79,85,1,279300,23511400,48
PANI,--U-2135000000D222-----------X,1120,0,23 Agt 2022,1230,1060,1170,50,29104200,33834428500,5090
PANR,--U-1100000000E513------------,216,0,23 Agt 2022,218,208,214,-2,6898100,1472903800,557
PANS,--U-1105000000G312------------,1575,0,23 Agt 2022,1590,1560,1580,5,721300,1139155500,259
PBID,--M-1135000000B131------------,1685,0,23 Agt 2022,1685,1675,1685,0,199900,336462000,66
PBRX,--M-1100000000E411------------,131,0,23 Agt 2022,133,130,130,-1,2676000,349540700,145
PBSA,--U-1130000000J211------------,298,0,23 Agt 2022,302,294,300,2,1908400,570955600,364
PCAR,--U-2130000000D112------------,127,0,23 Agt 2022,128,126,126,-1,104500,13269800,35
PDES,--U-2100000000E513------------,210,0,23 Agt 2022,212,210,212,2,2147800,454542400,347
PEGE,--U-2105000000G511------------,695,0,23 Agt 2022,695,650,690,-5,672700,441445500,83
PEHA,--U-1130000000F211------------,890,0,23 Agt 2022,900,890,895,5,34300,30577000,33
PGAS,--MO1XN9VM6000A112------------,1680,1705,23 Agt 2022,1810,1700,1795,115,358994100,637048633500,35868
PGJO,--U-3000000000I111------------,70,0,23 Agt 2022,70,69,69,-1,203400,14035000,18
PGLI,XDU-2130000000E512------------,226,0,23 Agt 2022,236,212,218,-8,178300,38783200,83
PGUN,--U-1135000000D232------------,670,0,23 Agt 2022,670,645,645,-25,6900,4516500,13
PICO,--U-2100000000B131------------,182,0,23 Agt 2022,182,171,178,-4,966000,171865500,434
PJAA,--U-1130000000E514------------,625,0,23 Agt 2022,625,615,620,-5,118200,73363500,42
PKPK,--U-2130000000A132------------,218,0,23 Agt 2022,220,210,212,-6,6276400,1343315000,764
PLAN,--U-3000000000E512------------,37,0,23 Agt 2022,37,36,37,0,52300,1914400,14
PLAS,--U-2100000000G511---L---Y---X,50,0,23 Agt 2022,0,0,50,0,0,0,0
PLIN,--U-1135000000H111------------,2100,0,23 Agt 2022,2220,2110,2110,10,400,866000,4
PMJS,--U-2135000000E745------------,166,0,23 Agt 2022,167,160,165,-1,414400,68534400,74
PMMP,--M-1800000000D222------------,382,0,23 Agt 2022,388,376,382,0,12793800,4891728800,530
PNBN,--M-115F000000G111------------,1915,0,23 Agt 2022,2130,1855,2050,135,70210000,140942034000,8971
PNBS,--U-1135000000G111------------,76,0,23 Agt 2022,83,75,79,3,636138200,50503662100,17738
PNGO,--U-2105000000B153------------,1290,0,23 Agt 2022,1305,1280,1305,15,1600,2065500,5
PNIN,--U-1105000000G412------------,1125,0,23 Agt 2022,1150,1070,1125,0,23472900,26248163500,3349
PNLF,--M-1805000000G413------------,390,0,23 Agt 2022,406,376,392,2,256411500,100990044800,12032
PNSE,--U-2130000000E512-----------X,442,0,23 Agt 2022,470,434,456,14,2700,1220200,13
POLA,--U-2100000000G211------------,86,0,23 Agt 2022,90,84,84,-2,1977700,168611300,229
POLI,--U-2105000000H111------------,830,0,23 Agt 2022,840,815,820,-10,2017000,1681412500,514
POLL,--U-2105000000H111---L--------,364,0,23 Agt 2022,370,364,366,2,213300,78170000,197
POLU,--U-2100000000E411------------,540,0,23 Agt 2022,505,505,505,-35,25900,13079500,21
POLY,--U-2100000000E413-E---------X,70,0,23 Agt 2022,71,66,66,-4,1871000,126583200,232
POOL,--U-2100000000G511-----------X,50,0,23 Agt 2022,0,0,50,0,0,0,0
PORT,--U-2135000000J113------------,595,0,23 Agt 2022,670,565,620,25,89400,53633500,46
POSA,--U-2100000000H111-E---------X,50,0,23 Agt 2022,0,0,50,0,0,0,0
POWR,--M-1175000000J411------------,680,0,23 Agt 2022,680,670,675,-5,1321200,893997000,295
PPGL,--U-3000000000K211------------,139,0,23 Agt 2022,141,139,140,1,339500,47355900,101
PPRE,--M-1135056000J211------------,154,0,23 Agt 2022,157,154,156,2,7120700,1106871300,675
PPRO,--U-1105000000H111------------,51,0,23 Agt 2022,52,51,52,1,64098900,3296654400,989
PRAS,--M-1100000000E111------------,198,0,23 Agt 2022,199,197,198,0,67900,13399800,9
PRDA,--M-1835400000F121------------,5900,0,23 Agt 2022,5950,5850,5950,50,134900,798705000,226
PRIM,--U-2130000000F121------------,224,0,23 Agt 2022,226,222,222,-2,270600,60197800,92
PSAB,--U-2135000000B143------------,122,0,23 Agt 2022,123,120,122,0,2691600,325903700,192
PSDN,--U-2100000000D222------------,114,0,23 Agt 2022,123,112,114,0,856000,99706500,49
PSGO,--U-2105000000D232------------,186,0,23 Agt 2022,189,185,186,0,9348500,1747266700,805
PSKT,--U-2130000000E512------------,78,0,23 Agt 2022,81,78,78,0,36278400,2862242500,1409
PSSI,--M-1135000000A122------------,620,0,23 Agt 2022,620,605,610,-10,463300,283318500,299
PTBA,--MO1XDPXL0000A121------------,4100,4100,23 Agt 2022,4280,4090,4250,150,45538300,192392960000,10864
PTDU,--U-2130000000J211------------,80,0,23 Agt 2022,81,78,79,-1,7025800,556378600,713
PTIS,--U-1100000000A122------------,172,0,23 Agt 2022,177,172,172,0,62800,10818300,30
PTPP,--M-18AMV56000J211------------,985,0,23 Agt 2022,995,965,980,-5,21956700,21621695500,3385
PTPW,--U-2130000000J211------------,1010,0,23 Agt 2022,1020,1005,1010,0,379400,384300000,413
PTRO,--M-1135000000A132------------,2980,0,23 Agt 2022,2980,2960,2970,-10,243500,723279000,168
PTSN,--M-1135000000I211------------,200,0,23 Agt 2022,202,198,202,2,259700,51772800,76
PTSP,--U-2135000000E515------------,4230,0,23 Agt 2022,4240,3960,4240,10,300,1243000,3
PUDP,--U-1130000000H111------------,412,0,23 Agt 2022,430,396,406,-6,58300,23149600,25
PURA,--U-2130000000K211------------,51,0,23 Agt 2022,52,50,50,-1,78850300,3958032600,2256
PURE,--U-1100000000B146---L---Y----,51,0,23 Agt 2022,0,0,51,0,0,0,0
PURI,--U-2130000000H111------------,438,0,23 Agt 2022,454,432,440,2,8700,3841200,30
PWON,--M-1M3EMH6000H111------------,500,0,23 Agt 2022,510,498,500,0,23852200,11996967800,2043
PYFA,--U-2100000000F211------------,1030,0,23 Agt 2022,1030,1015,1020,-10,8300,8511500,13
PZZA,--U-1135000000E515------------,550,0,23 Agt 2022,550,530,545,-5,387300,207846000,118
RAFI,--U-2130000000E515------------,236,0,23 Agt 2022,252,220,220,-16,226996400,53693511800,14734
RAJA,--U-1135000000A112------------,905,0,23 Agt 2022,960,885,960,55,58994300,55359251500,5055
RALS,--M-1135101000E731------------,580,0,23 Agt 2022,580,575,580,0,5127900,2950965500,606
RANC,--U-2135000000D113------------,1245,0,23 Agt 2022,1285,1240,1265,20,2100,2634000,10
RBMS,--U-1130000000H111------------,51,0,23 Agt 2022,51,50,50,-1,8299500,415245100,139
RCCC,--U-3000000000K211------------,125,0,23 Agt 2022,128,121,127,2,4863400,607113300,650
RDTX,--U-1135000000H111------------,8350,0,23 Agt 2022,8400,8400,8400,50,200,1680000,1
REAL,--U-2130000000H111------------,50,0,23 Agt 2022,50,50,50,0,257500,12875000,45
RELI,--U-1105000000G312-----------X,690,0,23 Agt 2022,720,645,720,30,1200,834500,7
RICY,--U-1100000000E411------------,96,0,23 Agt 2022,96,93,95,-1,3181800,300513700,660
RIGS,--U-2130000000A122------------,650,0,23 Agt 2022,670,650,660,10,2189700,1446032500,538
RIMO,--U-2105000000H111---L---Y---X,50,0,23 Agt 2022,0,0,50,0,0,0,0
RISE,--U-2135000000H111------------,830,0,23 Agt 2022,835,825,835,5,851200,706674000,56
RMBA,--U-1105000000D311-----------X,306,0,23 Agt 2022,0,0,306,0,0,0,0
RMKE,--M-1135000000A122------------,805,0,23 Agt 2022,825,800,815,10,36410200,29662595000,2818
ROCK,--U-2100000000H111-----------X,460,0,23 Agt 2022,0,0,460,0,0,0,0
RODA,--U-2135000000H111------------,88,0,23 Agt 2022,89,84,87,-1,852500,72505900,94
RONY,--U-2100000000J211---L---Y----,800,0,23 Agt 2022,0,0,800,0,0,0,0
ROTI,--M-1135000000D222------------,1295,0,23 Agt 2022,1300,1285,1290,-5,134200,173616500,78
RSGK,--U-1135000000F121------------,1310,0,23 Agt 2022,1315,1300,1315,5,8400,11001500,16
RUIS,XDU-2100000000A132------------,196,0,23 Agt 2022,199,194,195,-1,1194500,234024300,203
RUNS,--U-3000000000I131------------,178,0,23 Agt 2022,179,176,179,1,16000,2830200,24
SAFE,--U-2100000000K132-E---------X,204,0,23 Agt 2022,208,195,204,0,1047500,212462300,530
SAME,--U-2835000000F121------------,406,0,23 Agt 2022,412,402,408,2,4230100,1722838600,690
SAMF,--U-1135000000B112------------,474,0,23 Agt 2022,472,464,470,-4,633400,297117600,188
SAPX,--U-2130000000K211------------,910,0,23 Agt 2022,925,925,925,15,900,832500,6
SATU,--U-2100000000H111------------,117,0,23 Agt 2022,121,116,121,4,18376400,2179541600,2126
SBAT,--U-2100000000E413-----------X,50,0,23 Agt 2022,50,50,50,0,136300,6815000,6
SBMA,--U-2130000000B111------------,151,0,23 Agt 2022,153,150,151,0,1173100,177511400,198
SCCO,--U-1135000000C131------------,9550,0,23 Agt 2022,9475,9300,9300,-250,12000,112575000,45
SCMA,--M-1K35MD6000E612------------,230,0,23 Agt 2022,234,226,232,2,56536300,13026202800,7132
SCNP,--U-2130000000E212------------,238,0,23 Agt 2022,240,236,238,0,113000,26884600,28
SCPI,--U-2130000000F211-----------X,29000,0,23 Agt 2022,0,0,29000,0,0,0,0
SDMU,--U-2100000000K211------------,66,0,23 Agt 2022,70,66,68,2,2807500,190400900,407
SDPC,--U-1130000000D111------------,125,0,23 Agt 2022,125,122,123,-2,116300,14308400,52
SDRA,XDU-1105000000G111------------,590,0,23 Agt 2022,595,575,590,0,138000,80305000,73
SEMA,--M-2130000000A211------------,159,0,23 Agt 2022,161,153,153,-6,6543800,1014299800,1139
SFAN,--U-2105000000G511------------,1605,0,23 Agt 2022,1610,1600,1610,5,592300,951475500,189
SGER,--U-2135000000A122------------,1050,0,23 Agt 2022,1080,1020,1070,20,1068900,1132548500,691
SGRO,--U-1135000000D232------------,2120,0,23 Agt 2022,2130,2100,2120,0,153400,325240000,36
SHID,--U-2135000000E512------------,1610,0,23 Agt 2022,1625,1610,1620,10,2403500,3887418000,700
SHIP,XDM-1135000000A112------------,1430,0,23 Agt 2022,1425,1330,1330,-100,919300,1225945500,684
SICO,--U-2130000000A132------------,142,0,23 Agt 2022,173,134,165,23,164655800,26643845200,15216
SIDO,--M-18AEMN6000F211------------,750,0,23 Agt 2022,780,745,750,0,68891300,51783333500,33669
SILO,--M-1175000000F121------------,1035,0,23 Agt 2022,1050,1025,1040,5,395600,409274000,295
SIMA,--U-2100000000B131-E-L---Y---X,50,0,23 Agt 2022,0,0,50,0,0,0,0
SIMP,XDM-1135000000D232------------,462,0,23 Agt 2022,468,452,460,-2,5594600,2572696000,723
SINI,--U-2130000000C121------------,268,0,23 Agt 2022,266,252,256,-12,1300,331800,5
SIPD,--U-2135000000D231------------,1485,0,23 Agt 2022,1505,1385,1420,-65,48500,68856500,58
SKBM,--U-2130000000D222------------,396,0,23 Agt 2022,410,388,402,6,61000,24269800,68
SKLT,--U-2135000000D222------------,2130,0,23 Agt 2022,2130,2120,2120,-10,200,425000,2
SKRN,--M-2105000000C141------------,1315,0,23 Agt 2022,1315,1310,1310,-5,5000,6553000,14
SKYB,--U-2100000000I131---L---Y---X,51,0,23 Agt 2022,0,0,51,0,0,0,0
SLIS,--U-2130000000E742------------,146,0,23 Agt 2022,151,145,147,1,9401800,1394700800,1479
SMAR,XDU-210F000000D232------------,4640,0,23 Agt 2022,4770,4620,4750,110,4700,22216000,29
SMBR,--M-1135056000B121------------,480,0,23 Agt 2022,486,476,480,0,4112300,1979675400,525
SMCB,--U-1135000000B121------------,1595,0,23 Agt 2022,1600,1595,1600,5,470100,751383500,178
SMDM,--U-2130000000H111------------,196,0,23 Agt 2022,200,184,189,-7,469200,87883400,155
SMDR,XDM-1835F60000K211------------,2530,0,23 Agt 2022,2540,2470,2490,-40,8351300,20835639000,3622
SMGR,--MO1XNVV56000B121------------,6600,6675,23 Agt 2022,6775,6600,6675,75,10730700,71925962500,3722
SMKL,XDU-1135000000B131------------,362,0,23 Agt 2022,362,350,350,-12,1576900,557438400,506
SMKM,--U-3000000000J211------------,199,0,23 Agt 2022,208,197,204,5,680700,138407300,111
SMMA,--U-1100000000G511------------,12200,0,23 Agt 2022,12200,12200,12200,0,200,2440000,2
SMMT,--U-2135000000A121------------,815,0,23 Agt 2022,845,805,825,10,6134800,5051794500,1390
SMRA,--M-183QM20000H111------------,610,0,23 Agt 2022,635,600,615,5,28039500,17462723500,2528
SMRU,--U-2100000000A132-----------X,50,0,23 Agt 2022,0,0,50,0,0,0,0
SMSM,XDM-1135000000E111------------,1245,0,23 Agt 2022,1245,1220,1230,-15,4602100,5655881500,1464
SNLK,--U-2130000000E512------------,760,0,23 Agt 2022,845,725,845,85,3146800,2409934000,883
SOCI,--M-1135000000A112------------,188,0,23 Agt 2022,194,187,192,4,21665800,4154089000,4889
SOFA,--U-3000000000E211------------,38,0,23 Agt 2022,38,37,38,0,396600,14692500,41
SOHO,--U-1135000000F211------------,5825,0,23 Agt 2022,5875,5725,5825,0,500,2890000,4
SONA,--U-1105000000E731-----------X,3630,0,23 Agt 2022,0,0,3630,0,0,0,0
SOSS,--U-2130000000C231------------,468,0,23 Agt 2022,498,452,470,2,1364100,644959400,575
SOTS,--U-2130000000E512------------,280,0,23 Agt 2022,304,268,268,-12,14900,4444800,35
SPMA,--M-1135000000B131------------,525,0,23 Agt 2022,535,520,525,0,449300,237073500,200
SPTO,--M-1135000000C121------------,555,0,23 Agt 2022,565,555,555,0,390400,217486000,93
SQMI,--U-2100000000B143------------,65,0,23 Agt 2022,67,63,65,0,23351700,1518472900,374
SRAJ,--U-1135000000F121------------,182,0,23 Agt 2022,183,179,182,0,98600,17874200,79
SRIL,--U-2105000000E413-E---------X,146,0,23 Agt 2022,0,0,146,0,0,0,0
SRSN,--U-1100000000B111------------,52,0,23 Agt 2022,52,51,51,-1,443200,22903200,363
SRTG,--M-180C9G0000G512------------,2510,0,23 Agt 2022,2560,2500,2530,20,9920900,25142021000,3108
SSIA,--M-1175000000J211------------,352,0,23 Agt 2022,362,350,356,4,736200,263344400,276
SSMS,--M-1115000000D232------------,1425,0,23 Agt 2022,1460,1380,1445,20,7962400,11411091000,661
SSTM,--U-2130000000E413-----------X,710,0,23 Agt 2022,0,0,710,0,0,0,0
STAA,--M-1135000000D232------------,1310,0,23 Agt 2022,1410,1300,1410,100,47236100,65003423500,2954
STAR,--U-1100000000G511------------,121,0,23 Agt 2022,120,114,120,-1,16900,1994900,27
STTP,--U-2135000000D222------------,7300,0,23 Agt 2022,7300,7300,7300,0,600,4380000,5
SUGI,--U-2105000000A111---L---Y---X,50,0,23 Agt 2022,0,0,50,0,0,0,0
SULI,--U-2100000000B151-E-----Y---X,83,0,23 Agt 2022,86,78,78,-5,18694500,1492665700,1749
SUPR,--U-2105000000J321------------,33550,0,23 Agt 2022,0,0,33550,0,0,0,0
SURE,--U-2135000000A111-----------X,2000,0,23 Agt 2022,0,0,2000,0,0,0,0
SWAT,--U-2100000000B152------------,78,0,23 Agt 2022,79,77,78,0,2528400,196562700,172
SWID,--U-2130000000H111------------,139,0,23 Agt 2022,146,139,141,2,15293500,2177366900,1513
TALF,--U-2100000000B131------------,368,0,23 Agt 2022,356,344,350,-18,1200,419000,9
TAMA,--U-2130000000J211------------,50,0,23 Agt 2022,53,50,50,0,16492900,826528500,411
TAMU,--U-2135000000A132-----------X,50,0,23 Agt 2022,50,50,50,0,500,25000,2
TAPG,--M-1835M70000D232------------,700,0,23 Agt 2022,700,690,695,-5,10991800,7643461500,3130
TARA,--U-1130000000H111-----------X,50,0,23 Agt 2022,50,50,50,0,21700,1085000,5
TAXI,--U-1100000000K132-----------X,50,0,23 Agt 2022,50,50,50,0,500,25000,3
TAYS,--U-2130000000D222------------,222,0,23 Agt 2022,230,212,218,-4,2114300,469754200,386
TBIG,--MO1U475B1000J321------------,2980,2980,23 Agt 2022,3000,2950,2950,-30,25337400,75344537000,4306
TBLA,--M-1105000000D222------------,765,0,23 Agt 2022,770,765,765,0,362500,277800500,115
TBMS,--U-2130000000B142------------,1605,0,23 Agt 2022,1610,1575,1600,-5,3700,5874000,11
TCID,--U-1135000000D421------------,5500,0,23 Agt 2022,5400,5325,5350,-150,23500,125675000,15
TCPI,XDU-2130000000A122------------,8275,0,23 Agt 2022,8350,8000,8150,-125,1272600,10377950000,1285
TDPM,--U-2105000000B111---L---Y---X,119,0,23 Agt 2022,0,0,119,0,0,0,0
TEBE,--U-1130000000A122------------,790,0,23 Agt 2022,825,770,810,20,128900,102524500,110
TECH,--U-2135000000I121------------,6700,0,23 Agt 2022,6700,6250,6250,-450,2353600,15267032500,834
TELE,--U-2100000000E711-E---------X,50,0,23 Agt 2022,50,50,50,0,39500,1975000,21
TFAS,--U-2135000000I111------------,3190,0,23 Agt 2022,3210,2970,3150,-40,458600,1370926000,167
TFCO,--U-2135000000E413-----------X,680,0,23 Agt 2022,0,0,680,0,0,0,0
TGKA,--U-2135000000D222------------,7100,0,23 Agt 2022,7100,7075,7075,-25,600,4257500,3
TGRA,--U-1130000000J411----S------X,51,0,23 Agt 2022,52,50,51,0,1579500,80798000,170
TIFA,--U-2105000000G211------------,505,0,23 Agt 2022,550,500,500,-5,13700,7148500,33
TINS,--MO1SDRVJ6000B146------------,1480,1480,23 Agt 2022,1520,1480,1515,35,14703000,22186224500,3187
TIRA,--U-2100000000C211------------,422,0,23 Agt 2022,0,0,422,0,0,0,0
TIRT,--U-2100000000B151-E---------X,51,0,23 Agt 2022,51,50,50,-1,1484700,75142500,54
TKIM,--M-1835F10000B152------------,6500,0,23 Agt 2022,6600,6300,6600,100,1718900,11232705000,1107
TLDN,--U-1105000000D232------------,595,0,23 Agt 2022,600,580,580,-15,1420500,834381000,125
TLKM,--MO1XNSWW6000J312------------,4650,4680,23 Agt 2022,4710,4610,4660,10,229431400,1071742677000,14081
TMAS,--U-1135001000K211------------,2380,0,23 Agt 2022,2440,2380,2430,50,396300,958965000,466
TMPO,--U-2130000000E614------------,126,0,23 Agt 2022,127,123,126,0,23400,2928400,30
TNCA,--U-2130000000K211------------,565,0,23 Agt 2022,610,535,570,5,4409900,2555227500,1689
TOBA,--M-1105000000A121------------,845,0,23 Agt 2022,875,835,870,25,7252500,6272537500,1383
TOOL,--U-2130000000E743------------,135,0,23 Agt 2022,145,134,140,5,235170600,33000370000,15574
TOPS,--U-1135000000J211-----------X,50,0,23 Agt 2022,50,50,50,0,5300,265000,5
TOTL,--M-1135000000J211------------,334,0,23 Agt 2022,338,330,336,2,628600,210237000,153
TOTO,--U-2135000000C121------------,268,0,23 Agt 2022,270,264,264,-4,354200,94152800,156
TOWR,--MO1H4GCB1000J321------------,1235,1235,23 Agt 2022,1245,1230,1240,5,22678400,28080074500,2582
TOYS,--U-2130000000E321------------,93,0,23 Agt 2022,99,89,90,-3,15943800,1445887900,2099
TPIA,SSMO2S3BF06000B111------------,2260,2260,23 Agt 2022,2410,2260,2410,150,13266200,30659136000,3234
TPMA,--U-2135000000A122------------,384,0,23 Agt 2022,388,384,386,2,2424300,933586800,337
TRAM,--U-2105000000A121---L---Y---X,50,0,23 Agt 2022,0,0,50,0,0,0,0
TRGU,--U-2105000000D222------------,282,0,23 Agt 2022,294,272,284,2,56752100,16022959600,6852
TRIL,--U-2100000000C211---L---Y---X,50,0,23 Agt 2022,0,0,50,0,0,0,0
TRIM,--M-1105000000G312------------,274,0,23 Agt 2022,292,272,280,6,10481100,2960788200,589
TRIN,--U-2135000000H111------------,340,0,23 Agt 2022,356,326,328,-12,13795100,4634699600,1804
TRIO,--U-2105000000E742-E---------X,426,0,23 Agt 2022,0,0,426,0,0,0,0
TRIS,--M-2130000000E411------------,150,0,23 Agt 2022,153,150,150,0,180700,27170900,67
TRJA,--M-1130000000K132------------,260,0,23 Agt 2022,278,256,258,-2,112610900,30204980400,5389
TRST,--U-1135000000B131------------,745,0,23 Agt 2022,750,735,750,5,26100,19568000,9
TRUE,--U-2130000000H111------------,61,0,23 Agt 2022,63,61,62,1,2949700,182721300,307
TRUK,--U-2130000000K211------------,120,0,23 Agt 2022,120,117,119,-1,2003400,236961400,288
TRUS,--U-2100000000G211------------,428,0,23 Agt 2022,498,400,410,-18,4000,1758400,22
TSPC,--M-1175000000F211------------,1370,0,23 Agt 2022,1375,1365,1375,5,410200,561685000,189
TUGU,--U-2105000000G412------------,1570,0,23 Agt 2022,1585,1565,1575,5,1874500,2949184500,199
TURI,--U-1135000000E745------------,1560,0,23 Agt 2022,0,0,1560,0,0,0,0
UANG,--U-2100000000E512-E--S------X,500,0,23 Agt 2022,525,500,525,25,7800,4052000,15
UCID,XDU-1135000000D421------------,1185,0,23 Agt 2022,1190,1180,1190,5,130800,155513000,122
UFOE,--U-2135000000E742------------,620,0,23 Agt 2022,655,595,610,-10,9905100,6116898000,1827
ULTJ,XDM-1135000000D221------------,1480,0,23 Agt 2022,1490,1450,1485,5,369000,540610500,313
UNIC,--U-1135000000B111------------,11200,0,23 Agt 2022,11300,11075,11225,25,1300,14510000,10
UNIQ,--U-1130000000A132------------,57,0,23 Agt 2022,57,56,56,-1,113600,6384800,39
UNIT,--U-2100000000E413---L---Y---X,316,0,23 Agt 2022,0,0,316,0,0,0,0
UNSP,--U-2100000000D232-E---------X,141,0,23 Agt 2022,145,138,143,2,2801600,399353400,1881
UNTR,--MO1XNGQG6000C141------------,31800,31350,23 Agt 2022,32375,31350,32125,325,5081800,163057545000,5599
UNVR,--MO1XS3QD6000D421------------,4750,4800,23 Agt 2022,4830,4760,4810,60,18458700,88716446000,4568
URBN,--U-2130000000H111------------,198,0,23 Agt 2022,208,195,196,-2,793700,155679200,163
UVCR,XDU-3000000000I111------------,149,0,23 Agt 2022,157,148,150,1,4713300,718353100,570
VICI,--M-1135000000D421------------,540,0,23 Agt 2022,550,525,540,0,806400,435667500,135
VICO,--U-1105000000G511------------,149,0,23 Agt 2022,152,149,149,0,327900,49129200,258
VINS,--U-2100000000G412------------,154,0,23 Agt 2022,158,147,153,-1,41400,6190500,17
VIVA,--U-2100000000E612---L---Y---X,50,0,23 Agt 2022,0,0,50,0,0,0,0
VOKS,--U-1130000000C131------------,165,0,23 Agt 2022,170,165,166,1,17100,2835600,12
VRNA,--U-2100000000G211------------,106,0,23 Agt 2022,106,102,105,-1,409200,42534800,42
WAPO,--U-2130000000D232------------,119,0,23 Agt 2022,121,117,117,-2,122800,14475200,68
WEGE,--M-1135056000J211------------,179,0,23 Agt 2022,184,177,182,3,7282300,1323924300,431
WEHA,--U-1130000000K132------------,148,0,23 Agt 2022,138,138,138,-10,2982700,411612600,1233
WGSH,--U-3000000000I131------------,169,0,23 Agt 2022,171,167,170,1,491400,83030800,98
WICO,--U-2100000000D112-----------X,422,0,23 Agt 2022,422,394,414,-8,5200,2123000,44
WIFI,--M-1130400000I111------------,288,0,23 Agt 2022,296,280,284,-4,33281200,9489734600,3857
WIIM,--M-1100000000D311------------,500,0,23 Agt 2022,510,498,510,10,1559100,784533700,220
WIKA,--MO1SAMV56000J211------------,1020,1005,23 Agt 2022,1040,1005,1015,-5,26373300,26990342000,4080
WINR,--U-1130000000H111------------,50,0,23 Agt 2022,50,50,50,0,5469500,273475000,310
WINS,--U-1130000000A132------------,173,0,23 Agt 2022,179,172,179,6,3577300,630980500,413
WIRG,--U-2135000000I131------------,550,0,23 Agt 2022,570,540,560,10,46334800,25715535500,2471
WMPP,--M-1135000000D231------------,175,0,23 Agt 2022,180,167,174,-1,227843300,39455232400,6393
WMUU,--M-1135000000D231M-----------,136,0,23 Agt 2022,138,135,137,1,8541000,1166543600,626
WOMF,XDM-1100000000G211------------,282,0,23 Agt 2022,294,278,282,0,1023600,292657400,240
WOOD,--M-1135000000E211------------,530,0,23 Agt 2022,540,520,535,5,11379200,6032124500,1463
WOWS,--U-2100000000A132-------Y----,50,0,23 Agt 2022,0,0,50,0,0,0,0
WSBP,--U-2105000000B121ME---------X,95,0,23 Agt 2022,0,0,95,0,0,0,0
WSKT,--U-1809L01000J211------------,535,0,23 Agt 2022,550,530,535,0,23444900,12638748000,2683
WTON,--M-1135050000B121------------,222,0,23 Agt 2022,224,216,220,-2,5143700,1134917600,455
YELO,--U-2130000000E711------------,91,0,23 Agt 2022,94,89,92,1,17147800,1588590700,9848
YPAS,--U-2130000000B131------------,740,0,23 Agt 2022,800,690,800,60,44900,32837500,87
YULE,--U-2105000000G312------------,2110,0,23 Agt 2022,0,0,2110,0,0,0,0
ZBRA,--U-2135000000C311------------,550,0,23 Agt 2022,550,545,545,-5,295900,161698000,93
ZINC,--U-2105000000B146------------,81,0,23 Agt 2022,81,78,80,-1,359062100,28621105500,2229
ZONE,--U-2135000000E741------------,1125,0,23 Agt 2022,1130,1115,1130,5,1048600,1176129000,102
ZYRX,--U-2130000000I221------------,510,0,23 Agt 2022,525,510,510,0,4993700,2586042000,632
